sample,CD8_T,CD4_T,Tregs,NK,B_cells,Monocytes,Macrophages,M2_Macrophages,TAM,Microglia,DC,cDC1,Neutrophils,Endothelial,Fibroblasts,Exhaustion_Early,Exhaustion_Terminal,Cytotoxic
TCGA-02-0003-01A-01R-A96R-41,-0.365047464410417,-0.369414586662274,-0.510530450230548,-0.320617945166774,-0.344658580521253,-0.872588886464568,-0.708896266351009,-0.886611133194706,-0.696043843562226,-0.110140415815523,-0.452535465732307,-0.0297304169043528,-0.699910349328107,-0.58055714604711,-0.608914032933949,-0.474602222633863,-0.401110358947943,-0.968431657707991
TCGA-02-0016-01A-01R-A96R-41,-0.726888752385746,0.171848906588641,-0.113214353464676,-0.20642019990677,0.111337609839135,-1.26583689027876,-0.83984412024584,0.0776239478810518,-0.831293978441395,0.0323651262820866,-0.15159117706432,0.224765844489656,-0.57135181586795,0.00379019245361341,-0.418622012041458,0.177750559172045,0.156470157911463,-0.692594140971395
TCGA-02-0026-01B-01R-A96R-41,-0.629820422441327,-0.335194791890334,0.154162627377589,0.574881884838683,-0.199408925962118,-0.384468048153269,0.156736037098804,0.337877939201808,-0.0466005527028276,-1.28666507248219,-0.436851633922869,-0.0856411758529831,-0.950933764314059,-0.623486657732757,-0.491256087329715,-0.111760797829223,0.395028286630687,-0.737140198447667
TCGA-02-0033-01A-01R-A96R-41,0.824139719966032,0.962725374810986,0.190893769711412,-0.623801883076904,1.2632690087257,1.17512480917526,1.80232151128329,0.957693064072662,1.08061613310382,-0.133755188647789,0.332318229147499,0.170670584940855,0.953535599744243,-0.108117338042204,0.254593530045472,0.556024164579155,0.334850634202844,0.759497293222687
TCGA-02-0038-01A-01R-A96R-41,-0.386759090859414,-0.335131311204252,0.219960021424387,-0.502697292778566,1.19917472616378,-0.105496183499387,-0.33295045028706,-0.351657278948016,0.114629728218475,0.00582808081664088,-0.390212225898392,-0.132787108975945,0.0299140879039575,1.0834473798659,-0.0475045621083378,0.350664416099086,-0.0152696752432107,-0.562266322472269
TCGA-02-0039-01A-01R-A96R-41,-0.393359085974618,0.0452028949138455,0.0117500339518043,0.0717425041518948,-0.408072443047694,0.244647791367809,0.612814008867959,0.109817246793218,0.639099827668427,-0.583530673176522,-0.893827838864056,-0.832861333333098,-0.438803915921317,-0.298694957093356,-0.961580488526715,0.374019487328961,-0.0867647979813989,-0.0676455393435792
TCGA-02-0047-01A-01R-1849-01,-0.663571685457704,0.0243060665904242,-0.144423958323046,-0.14266853522151,-0.273354953008887,-0.236435424892208,-0.25690860450044,-0.41880246827381,-0.0295700475827145,-0.174019488988923,-0.063973426160713,0.278475592493978,-0.210284266935275,0.155803407705984,-0.198787813658354,-0.13101972222829,0.342189521667477,-0.998286758571685
TCGA-02-0055-01A-01R-1849-01,1.22586700897009,0.513502124674708,0.282578689607784,1.09073686481256,0.128158635896648,0.952532973578412,1.2455060870842,0.887643280003722,0.980477380890844,-0.142405778372057,-0.0270731330238276,-0.368405145710682,1.78313763532437,-0.586452123860285,2.16230078691454,0.166764261821649,0.612572620256736,1.64835092853063
TCGA-02-2466-01A-01R-A96R-41,-0.87818835789734,-0.764433204819676,-0.25270830653834,-0.4165093506823,-0.359039531838666,-0.0607734621817617,-0.504846348148116,1.45973602362636,-0.474763711141934,-1.53393201568636,-0.679573815211849,-0.39293801286178,-0.54671732652903,-0.388783642369171,-0.196827291938283,-0.831209214489081,-0.431184968682797,-1.04158605002427
TCGA-02-2470-01A-01R-A96R-41,0.366158726104847,0.411462293097833,0.209990647243111,0.0562740245952947,0.0369675834793486,0.681227837066069,1.03816003986511,0.309100383557351,0.71016064968888,-0.212509736396576,0.17331208157467,-0.216652728039362,0.154312218298489,-0.0591627986600936,0.188284083786748,0.619679534031909,0.196482790383875,0.937439998317016
TCGA-02-2483-01A-01R-1849-01,0.12121970155673,-0.500939911460986,-0.719392584637892,0.405839454060842,0.0076513362238439,0.153326661668694,-0.265153902563049,-0.399007556519727,-0.414729668529111,-0.391139342478825,-0.598033474642735,-0.0579828851646151,0.478240896959631,0.703942661583171,0.260987845019254,-0.0551081235615366,0.586638858711247,0.588090546901149
TCGA-02-2486-01A-01R-1849-01,1.51510360599575,0.320025825056752,0.676124909627716,0.0493575185106095,0.0336735197229402,0.919771496362182,0.584931445848855,-0.486474243796738,0.910701377092008,0.777126061381282,-0.100549309775596,0.0666386912142909,0.818226448600531,-1.4539579347684,-0.786916885467948,1.38625029049677,0.480030959957264,0.554908410678144
TCGA-06-0125-01A-01R-1849-01,-0.810160338643422,-0.186710690499356,-0.462917834751853,-0.581515088172459,-0.618174976554853,-0.624157323742491,-0.745668410936823,-0.601197978824511,-0.480403916618284,-0.138920191820596,-0.175213101713017,-0.050375964003322,-0.494476241381859,0.377892834503489,0.127156178988083,-0.524976875068225,-0.260758002656555,-0.951068485975349
TCGA-06-0129-01A-01R-1849-01,-0.604689438854713,-0.505632291075593,0.19374867477749,0.139699280821036,-0.326113484236563,-0.188544086843546,-0.272575244041027,-0.663887807234012,-0.413179156701807,1.00604295817792,-0.56481475248025,0.115024531877688,0.0563030387599261,-1.20894393792839,-1.02412657542322,1.18473769548131,1.63260601565202,-0.623697843976665
TCGA-06-0130-01A-01R-1849-01,4.04756986839949,1.27133890823062,1.21143604405163,0.976307075442371,0.165288040247664,0.811716639580695,1.05058018036561,0.108792589248876,0.670017538869204,0.812401122077212,1.81705408670735,1.89499272864649,0.652577860876606,0.279931546972519,2.13735683747155,2.84943758224857,1.73606690716233,2.72389888864069
TCGA-06-0132-01A-02R-1849-01,0.478746730016392,0.368945228442484,-0.308980705355146,0.40944999779524,0.785845993589678,1.18714760038074,1.14405163274736,0.182370174687032,0.617203238439825,0.723485179479048,1.13430469022106,0.749262658483059,0.590656886700173,0.0460732455733599,0.375093340045056,0.0357788104301696,0.241084898768791,0.708113547591906
TCGA-06-0138-01A-02R-1849-01,0.102165347227612,0.0603483787019796,-0.312046590988982,0.00612345342186253,0.228902995050496,0.689741728564121,0.157195202564566,-0.222760887173588,0.176078420354631,0.592014676075661,0.132766404771627,0.324071426631014,0.936502414020963,0.433638095371835,-0.0535665990162939,0.0174381864921306,0.210573607036526,0.1803812540821
TCGA-06-0139-01A-01R-1849-01,2.54233649199031,0.750437303944411,0.534837144604958,1.76250307471968,0.881020807202274,2.12057691011809,2.57285995302347,0.836860009699001,1.81957599864937,1.01521926312326,1.1388742664318,0.878407187561504,3.16397740781029,0.722218872696901,1.64030584695416,1.24496252999149,1.11185385929648,2.86502538305221
TCGA-06-0140-01A-01R-A96R-41,-0.114521058692211,0.875169886147457,0.927771546548056,0.534359323493845,-0.584107159704706,0.506905929145269,0.968360917902632,0.917615315991463,0.154674377976185,-1.02177103945642,0.130528902088638,-0.110604092942958,0.989455165972476,-0.0898938243623399,0.679736953649349,0.38478745025215,-0.10955928230363,0.0122741795684737
TCGA-06-0141-01A-01R-1849-01,1.18949261213006,0.390952929494346,0.775091171263018,1.08830529741124,0.991179700884424,0.923318867784192,1.30280902316675,0.68462167580696,0.905170310975197,0.369915982371445,1.32169547560948,0.27251991746043,2.50466123135913,0.00896215974027691,0.815868188702404,0.239169019127303,0.372041764158437,1.42331549280873
TCGA-06-0145-01A-01R-A96R-41,0.0165322937099447,0.0681155829922295,0.06113643100071,1.16341208624487,-0.0242780606564455,0.38747872151302,-0.217818701559146,0.224009438784179,-0.395018697633581,-0.216599707297597,-0.328819971527983,-0.158511373222791,1.24075770518471,0.309992186637793,-0.656963273016108,-0.0292595444588734,-0.391924403535362,0.646078708098242
TCGA-06-0152-01A-02R-A96R-41,-0.37064937748303,1.19044116484431,1.52934489162976,-0.143671171985886,-0.156760232139641,0.558135212373863,0.931333058867561,1.50277529077455,0.0317015885144523,-0.566172303598262,-0.142320450672645,-0.0265437833067161,0.688722150975843,0.248672701238806,-0.498627861411572,1.5288733459209,0.216714958808573,-0.249747523259939
TCGA-06-0154-01A-02R-A96R-41,0.162470375435372,0.494432849894394,0.330503013473696,0.365234563900382,0.497490354040297,0.670314479069274,0.870111969537047,0.224534713295128,0.679269717961262,-0.899384352522315,0.568216206389238,0.42083157982001,1.30124117852854,1.3249866063344,0.803527123843998,0.408491887277596,0.308891316543378,0.867751707051985
TCGA-06-0155-01B-01R-A96R-41,-0.29405805518003,0.339890585482706,0.124119228035333,-0.116485810406077,-0.390145978212774,0.266768546949564,0.472077731935426,1.29441059755632,-0.0424417443362431,-0.904281357524868,-0.0015819507847821,-0.318090237305634,1.13231680952948,1.32049761593621,1.69161436570439,-0.134242966145834,-0.327300098375107,-0.363130061317489
TCGA-06-0156-01A-03R-1849-01,0.894316480787067,0.450774582964081,0.556048464152165,0.435025567339278,-0.258221439949503,0.633230711433417,0.697953687786533,1.01910442653356,0.649631355747599,-0.471869150420343,0.326573232085906,0.0348188170209329,1.38299849405082,-0.338847451023374,0.324891360002271,-0.0188806471509271,0.383519093438165,0.606185269191296
TCGA-06-0157-01A-01R-1849-01,0.221629595834963,0.133553004465374,-0.442243542476246,-0.202125820967384,0.342587073969938,-0.00415548910291814,-0.521688609847819,-0.622414604736333,-0.337158612159857,0.210119918497601,0.517809749909767,0.300319381459328,0.220297936409344,0.385014035092044,-0.320858415749757,-0.45559821633986,-0.312058349286341,0.242995937848658
TCGA-06-0158-01A-01R-1849-01,-0.446530923049619,0.00485292087282228,-0.345837214000593,-0.314243441452648,-0.0197212161332879,-0.232126879875276,-0.977031449482863,-0.826725318157039,-0.587972066681739,0.875378185885279,-0.0701414847286676,0.369790640088438,0.543319255213848,0.138856189989562,-0.626474475624293,0.0380131410603951,0.130837358464307,-0.573520626144071
TCGA-06-0162-01A-01R-A96R-41,0.499447843994305,-0.246068638658946,-0.0515279714111726,0.558934542246154,1.82131499614032,1.16853743481796,0.0254813199398463,-0.733818002672869,-0.228788223854976,0.794482678600624,-0.164632631080484,-0.0113865038390072,0.181862921227476,-1.58629269368152,-1.32720320386623,0.167703349987614,0.0727409806378524,1.24446917958805
TCGA-06-0166-01A-01R-A96R-41,-0.509626405045934,-0.20843619070662,-0.161258496835194,-0.29098040744523,0.0332070001484753,0.352347407409312,0.50653272922099,1.492108604733,0.259347930597874,0.547614443314093,0.106461503331932,0.55097227626515,0.345835245014166,-0.164257089601308,0.212201005476824,-0.019449362810513,-0.138494838197407,-0.297050853065496
TCGA-06-0167-01A-01R-A96R-41,-0.456644204362584,-1.09150134170162,-0.610484857746772,-0.0720848881903349,-0.43894197207621,-0.994864238111113,-1.01654529271079,0.38679806287551,-1.12681975707453,-0.783035182774694,0.127565027908545,0.105476266582226,-0.158340506012034,-1.54950402051452,-0.954529747852432,-0.722532896822731,-0.37369568118174,-0.874912755913343
TCGA-06-0168-01A-01R-1849-01,0.591973840388619,0.0416868382063332,0.0012447361109251,0.307786256161724,0.406987882495188,0.836209688041629,0.613949984325865,-0.0522775686564274,0.527523218774493,0.427004601115654,0.395816910010835,0.0458099134501476,0.112632011865693,0.259477456560699,0.0937147744893939,0.0844432413154628,-0.0216693306191519,0.799348846556092
TCGA-06-0169-01A-01R-A96R-41,0.924104661490313,1.19724323681821,0.694404199621856,0.577241116810588,-0.399854283192681,1.03945478036139,1.67096955433731,1.02290867666444,1.44532894859262,-0.404609286487042,0.780716260731787,0.0774020119228893,0.989649685531128,0.278517140571328,0.338438298368022,0.738515538045457,0.201460865981388,0.647394738065586
TCGA-06-0171-01A-02R-A96R-41,0.109799560795411,-0.0476680301746371,-0.0562109983327833,0.604681468225416,0.0537947200381727,0.625051079980928,0.838131241242255,0.251219517395855,0.544719146149781,0.459528237952344,0.294452500505488,0.494943871246218,0.840495879493483,0.164919959060488,0.502173032566708,0.264787186410489,-0.0783137337861518,-0.00335689001361816
TCGA-06-0174-01A-01R-1849-01,-0.766935798379753,-0.607027291516161,-0.791229931044462,-0.43178220721018,0.0596950957276533,-0.201184484767689,-0.681642713393305,-0.262935800161972,-0.486654422832206,-0.360516836509981,-0.557889706253283,-0.216894441087936,-0.251728158245192,0.443984544851094,0.188876652364885,-0.558162227508061,0.0496535236686407,-0.703017312220985
TCGA-06-0176-01A-02R-A96R-41,0.485817106997779,0.0390290238245024,0.251368070756609,-0.736454345850607,0.554661341165137,0.912593474768267,1.39464438094101,0.512265535144637,0.968081884333654,-0.293761345347591,0.508194160329045,-0.0268200389659191,0.868156204053915,0.28029366581401,1.10937911983464,0.482103772333009,0.0481648924048438,0.722935116580582
TCGA-06-0178-01A-01R-1849-01,0.00732284636703716,-1.03691056821081,-0.727579369615941,0.0688553100689203,-0.130530029338992,0.0809381489252651,-0.316929232583105,0.0758157479208265,-0.246631445269611,0.38355773595658,-0.350386648400404,0.491965341210862,0.712953723834987,-1.67653373804044,-0.180546783108271,0.129173186146489,0.763153648858629,0.343941391154976
TCGA-06-0184-01A-01R-1849-01,0.00371772769805153,0.176860237755932,-0.421422596799375,-0.421359945278162,0.102136998288547,0.513084344019255,0.469710654175174,0.166881359988225,0.859876291406137,1.325943390111,0.00285751107354604,0.405949057378507,1.47710629664016,0.22076397057913,-0.135978881504439,0.151146370674054,0.497783016888999,0.3641242007759
TCGA-06-0187-01A-01R-1849-01,-0.440867224900395,-0.191979943821017,-0.431241380805979,-0.36431686599377,-0.406755216958703,0.0478151743805184,0.174795105778032,-0.09175284844705,0.198558770237621,0.513832190304214,-0.0121313074743415,-0.106955815118134,0.349629655941037,0.225272023965253,-0.498073295153847,-0.731895284564111,-0.757664219303798,-0.228234346101125
TCGA-06-0190-01A-01R-1849-01,1.08632769079219,0.552377493133716,0.0684602671451158,-0.123022445291823,-0.123282299164613,0.691055308855313,0.750921112779703,0.423921101833878,0.797850177090683,0.539648731074726,0.23368005294556,0.00772588263417675,1.74464226492891,0.569420052120992,1.24893443266021,0.572187636180007,0.204462965238879,0.616942906564634
TCGA-06-0192-01B-01R-A96R-41,-0.103885101859363,0.357539163228536,0.14421131925167,-0.455752381491284,0.0251422694672632,1.1183714383611,0.645970738179778,0.18656260651951,0.858533600862033,0.50397902114805,0.295961546411228,0.46716145439544,1.13333845561136,1.66364560644131,0.465720943803075,0.220200486528441,0.156014762367865,0.654777098272708
TCGA-06-0195-01B-01R-A96R-41,0.132741936609409,-0.459633821510305,-0.203173392469262,0.276930677857413,-0.509850994347417,-0.821640540459667,-0.512713389948111,-0.578316728406772,-0.795200230085821,0.302909371609485,0.351501479505502,0.652913295135588,-0.547089432134794,-1.32839309532095,-1.00068050401944,0.057091402597147,-0.0789210048919938,0.448114585807165
TCGA-06-0197-01A-02R-A96R-41,0.989398413618528,0.149196791757273,0.683476997117004,-0.134841284515658,0.266435611802231,1.10301749708643,1.52135575393884,1.24538873226564,0.916285931073608,-0.118052006437869,1.32851505790493,0.0704036934481184,1.48446119550006,-0.199795050136283,-0.496593281663233,0.951343528503991,0.344897441729882,0.600130359555481
TCGA-06-0208-01A-01R-A96R-41,-0.832490916432388,0.174945041560305,-0.0417091433496891,-0.192361831359763,0.269134367254198,-0.918287332659256,-0.575231614355272,-0.283588537585671,-0.309209292512071,-0.00342929415333327,-0.474247144824074,0.0408177174037978,-0.153688723583235,-0.688280404589946,-0.847550045246956,-0.0190446853479326,-0.4148254109618,-0.714795193054899
TCGA-06-0210-01A-01R-1849-01,-0.292467770854842,0.17454792118866,-0.284820249892644,0.258443198851145,-0.257141404443581,0.750049920586255,0.46362045387903,0.209988998652229,0.781942115566351,0.630826077811021,0.1429436048707,0.236724132708157,2.07612999166331,-1.05519524258774,-0.493518730929773,-0.24069044558151,-0.559690079677191,-0.00201526500915801
TCGA-06-0211-01A-01R-1849-01,-0.0493743041637041,0.473797007452871,0.631824146785571,-0.356076182298921,-0.210200997682449,0.390119381940027,0.313339161265745,0.0826716272234762,0.473767767149922,-0.13554375171178,1.4194354244071,0.162817320488082,0.906595138524946,0.930027563526926,0.651356176649844,-0.41058466757982,-0.23905266822414,0.402153053134584
TCGA-06-0214-01A-02R-A96R-41,-0.677488169791912,-0.28968060180262,-0.611412367669278,-0.640711721441341,0.0667899241683409,0.392125560611941,0.345897268199163,-0.372885181115508,0.490901553073706,0.544020226735928,-0.62275278533821,0.266497917518314,0.187075352326104,-0.135614889055213,0.154971680963609,0.106871986589134,0.165812897388781,-0.443040874330953
TCGA-06-0216-01B-01R-A96R-41,-0.73995077199325,-0.0764383767294427,-0.147563927686758,-0.792145498651627,0.602808685398661,0.156955547053515,-0.370331126350022,-0.356664025772346,-0.62626510426071,-0.403954621810575,-0.134093600839493,-0.505782356426564,-0.312551001118687,-0.488987264408569,-0.83095060903538,-0.35505818195731,-0.621243553754191,-0.701346582646602
TCGA-06-0219-01A-01R-1849-01,-0.10328567309377,-0.736645258397407,-0.884141831715464,-0.212211409780787,-0.235213362209691,-0.106774669331084,-0.215864689213035,-0.880877276766207,0.0835294685745452,0.216702179011234,-0.0218030228240414,0.643445089564889,0.064066107243045,-1.25445683450701,-0.61643672361113,-0.260804447761061,-0.252729031044536,0.241112955590121
TCGA-06-0238-01A-02R-1849-01,0.544804919104404,-0.117554473649358,0.181414919042594,0.242789972146166,0.10861061621207,0.415317613903355,0.457646408625831,1.4634079299281,0.494048909519457,0.485208582521913,0.723375829183257,0.763319397994576,0.0751480140561238,-1.03279104082527,-0.21899817627114,1.12889157780613,1.01982753176535,0.471493896064144
TCGA-06-0644-01A-02R-1849-01,0.646892459982948,1.39998601269041,0.931294365965185,-0.442292418606402,0.313254870574299,0.444557140327642,0.805528221710605,0.161519373026768,0.759342960725105,0.322409738852082,1.10145421013464,-0.125849276084705,-0.387992474551396,0.686445131952069,1.64336264256927,0.108530282556482,0.111298125361694,0.4181514962034
TCGA-06-0645-01A-01R-1849-01,0.310216441766958,0.332107983365073,0.0879193874251349,0.150014925720555,-0.0271068476149129,1.40433729366157,1.16887599183558,0.4727675998617,1.2047259866902,0.898274636019151,0.603887939712109,0.419717651728074,1.17409466823402,1.23834538028542,0.496085755178668,0.340097780802286,0.250809843590069,1.12097428046829
TCGA-06-0646-01A-01R-1849-01,-0.527414991717976,0.0277073117313125,-0.0901317906120761,0.0420204830592799,-0.17626779553416,0.623511016997694,-0.0646936057874704,-0.627753143257367,0.130264234038632,0.584849745328424,-0.21703299697003,0.469286322727091,0.821326294875083,0.0102494062531796,-0.351685928023174,0.603431311408491,0.271831559146062,-0.143911828583058
TCGA-06-0648-01A-01R-A96R-41,-0.638814038175455,-0.42510433378183,0.0791413290023404,-0.181950537899858,-0.193055535072901,-0.462843155048012,-0.332768308530202,0.148999035413368,-0.185353111594449,-1.05381653738447,-0.624905144088661,-0.0639561295795225,-0.778727528595851,-0.837173842157596,-0.836753252531464,0.498565139108428,-0.0758547667622835,-0.832036422228084
TCGA-06-0649-01B-01R-1849-01,0.7646658830514,0.701289029011925,0.594406059048892,0.375037395432972,0.729709774959646,0.245495318318315,0.712395268743682,0.248647692973717,0.290262026062518,0.803194775554795,0.318118722448649,0.0443739709838826,0.585679529280908,-0.065129816410073,0.465339205167649,0.340217608516027,0.503305369731863,0.207731986723635
TCGA-06-0686-01A-01R-1849-01,-0.593477479757912,-0.642672618958263,-0.535145659161426,-0.351193673530144,-0.293150828284401,-0.337895887726378,-0.420922712061575,-0.0134152251702988,-0.00163854402067965,-0.478043002462663,0.557339684326906,0.27289077494107,-0.248968308969034,0.579588213150602,0.0209915222702699,-0.140904493365232,0.213304935279436,-0.430699635095947
TCGA-06-0743-01A-01R-1849-01,0.843284224100489,0.168962070941602,-0.364140768260336,0.377502034933467,0.0950247116536758,-0.263528440747794,-0.79928992267977,-0.304091481203294,-0.38026114048125,-0.248309482855742,0.644660139915328,0.432095408708454,-0.444071153762477,-0.191630060568119,-0.114290761020293,-0.397040466117461,-0.657525693217992,0.638437104785082
TCGA-06-0744-01A-01R-1849-01,-0.0704786676240007,-0.398057507522355,-0.793594167648974,-0.213934637042221,0.242471243957852,-0.508521912040257,-1.11832204953658,-0.737589947920514,-0.539556054140719,0.0154256281412218,-0.280806353108907,-0.11812045455114,-0.621678976823614,0.231529339543336,-0.26468589247248,-0.354540011923525,-0.466942776096852,-0.109424858356039
TCGA-06-0745-01A-01R-1849-01,0.00161610184625887,0.0150372555159628,-0.572872419346457,0.195885023992727,0.689512290925642,0.370901075369804,-0.126597228882583,-0.244087035331384,0.288169887463131,-0.211126033172956,0.0857647409794232,0.359426516751259,0.634652637556563,0.619120327242011,0.0704613199691191,-0.325398687131564,0.11637978267314,-0.0377604480069226
TCGA-06-0747-01A-01R-1849-01,-0.639294558752514,-0.7945316743138,-0.660257111459914,-0.860911769605572,-0.223363621092464,-1.275810657654,-1.10848979344424,-0.922786856436352,-0.635691189002153,-0.0212719560745236,-0.258575851417459,0.0147199934273457,-0.446199111217474,-0.702874203013971,-1.0889041930414,-0.851931731321908,-0.539684058191668,-0.825856024597894
TCGA-06-0749-01A-01R-1849-01,-0.103332870492996,-0.372905363142772,-0.522314620427041,0.21051820928498,0.585408128895969,0.11611354953879,-0.414635471112157,-0.459640115200276,0.237367695911864,0.201918318592213,-0.274406659914141,0.119882101913587,0.16121129217017,-1.03370008026387,-1.28600076412115,0.158922914339178,0.085393602122939,0.665877633602443
TCGA-06-0750-01A-01R-1849-01,0.0884506729832416,0.0766274107898526,-0.142727262438326,-0.0927435870180053,0.0339307987816265,0.551977754987015,0.44047144121756,-0.130068005133142,0.421201087066573,-0.0448003436573766,0.427714964943346,0.0417773651289074,1.25105538174301,0.711493444776375,0.783969887443652,-0.427678721494593,-0.00352185209722382,0.527873247492092
TCGA-06-0877-01A-01R-A96S-41,0.0984526054669919,0.0384509050369623,-0.245562019528194,-0.087526419955469,-0.348241979969519,-0.195919886534991,-0.136016610725902,-0.0608745214394557,-0.0725408996325406,0.134914774139867,0.0896401549863526,-0.085286630029009,-0.403976527553766,0.551109025706438,-0.110566277402058,-0.0517401049124527,-0.461063983173026,-0.126713203653301
TCGA-06-0879-01A-01R-A96S-41,-0.170572932635069,-0.071089137332943,-0.107037809248353,0.0130132184637877,0.569136633621974,0.138473008655132,-0.2686021365747,-0.297950598822344,0.161740218980453,0.137113079656553,-0.352125476361077,-0.195335358181828,0.291876776591512,0.789148004781998,-0.138235819002615,-0.0306621890843159,-0.292194280168034,0.0659849537431261
TCGA-06-0881-01A-02R-A96S-41,1.07642718467678,1.26584169095875,0.630753815606013,1.30062396480732,0.217554971914995,1.91081851120511,3.05472577331529,1.5361645165461,1.66769208148716,0.976355414667462,1.23255900043711,0.475497691610597,1.37519735816164,1.65558927524067,1.89107701679662,0.755032513863662,0.563965039845102,1.66137729951347
TCGA-06-0882-01A-01R-1849-01,-0.238404783988549,-0.128271331611523,-0.242733407900549,-0.198504205895568,0.860930958654177,0.523607380349479,0.00181823875484375,-0.513785850502703,0.153727904044696,0.944658130627718,0.0263550226329094,0.0304995354772623,0.803520287739018,0.146492812309292,-0.378455162732851,-0.316126342794859,0.146846979163366,-0.409770164070539
TCGA-06-0939-01A-01R-A96S-41,1.01684996201293,0.0747235292894426,1.06941726623386,0.592658532094276,1.69980289702704,1.59115107604447,1.70285578775574,0.766343795768487,0.787990199646254,0.186831634434238,0.464713201821157,0.356388266495359,0.89049394771643,-0.498539024308962,-0.121775891496946,0.458671229517971,0.322694670572197,1.37960777550669
TCGA-06-1084-01A-01R-A96S-41,1.75554679846466,1.69087237411559,1.72615753260643,1.23648035821922,2.13239366925989,1.12878495542097,1.09605706558989,1.13867235885663,0.554953279217771,-0.172628886799076,2.28671029839224,0.0181693165190377,1.27493160480549,0.0336101939106798,1.32656217482685,0.995693791211558,0.309856370008897,1.49069103737663
TCGA-06-1086-01A-02R-A96S-41,0.340864100257941,0.354709755923612,0.0806906544963707,1.35597330886727,0.905721615971487,-0.87009951582447,-0.259568814651181,0.392381063204532,-0.67348224828759,-0.71203310393378,-0.101325378582141,-0.561582334798554,-0.87058309969244,0.673500145278509,2.28975617560187,0.8515424541526,0.591571187000812,0.353573825774453
TCGA-06-1087-01A-02R-A96S-41,-0.0581056289977901,-0.169298800896146,-0.0609513966690046,0.847030784827521,-0.408590880538548,-0.842247600489334,-0.548032666722697,1.58372997112784,-1.44730060143353,-2.12840706285104,-0.429094882568329,-0.215586488843627,-1.22069079228159,-0.30565220877726,1.71624538748843,0.13061586152697,-0.23401735000196,0.177184130579648
TCGA-06-1800-01A-01R-A96S-41,0.325495305502662,0.368056889063708,0.110689897297054,-0.0481604112873183,-0.248162994021504,0.187883103431885,0.597114860531009,0.84295670589603,0.113805455524462,0.428989703950913,-0.403176490386346,-0.35478513996559,-0.266523655411245,0.300228350980125,2.2983952574764,-0.073365349697956,0.0157037953654477,0.0820899244634623
TCGA-06-1801-01A-02R-A96S-41,-0.638114713170601,0.0102418270539481,-0.0128834890395403,0.060563455414196,-0.31405448644249,-0.482456628102606,-0.202291267463635,0.335320704416332,-0.206157884866417,-0.502980823998245,-0.69808721561574,-0.18392082650315,-0.799039216525396,1.12012288109431,-0.0387289630896472,-0.0269940547208051,0.241043978379483,-0.811212168923174
TCGA-06-1802-01A-01R-A96S-41,-0.219725668064733,0.736293293737953,0.71054101781893,0.533169172051229,-0.0571755320887229,0.434391387214541,0.198832652823252,0.504524802594078,0.0439979904979082,0.0798275245857987,0.000835296937610456,0.173909291696374,1.1703359962709,0.350465082439454,0.104736094602116,1.51321734548879,0.629623413038663,-0.473197141697322
TCGA-06-1804-01A-01R-1849-01,-0.674399940287098,-0.482858142933717,0.612797779975315,0.0854320774001624,0.469710602978119,0.200763018949925,-1.05801549676005,0.0605284371738018,-1.38579085065838,0.145386257604832,-0.287314842736166,-0.0104417144048818,1.53345593250547,-0.762282145273104,-0.904127471903545,-0.116521337084671,-0.548131749916579,-0.382472117368825
TCGA-06-1805-01A-01R-A96S-41,0.542406989581245,1.35236819741861,0.852061065507738,1.64097688820701,-0.113339531404075,0.146824095338301,0.541671549583626,0.699719170800349,0.165641885486407,1.10960172277853,0.414218341923571,1.05732017742556,1.01259878576146,0.542350478155329,0.777888983872332,1.18392154787751,1.00558545039346,0.763401707623841
TCGA-06-1806-01A-02R-A96S-41,0.987000290787582,1.31576718712576,1.25032373457944,0.62164943218998,2.12493571039002,-0.187684121284928,-0.136249297602194,0.00313932464853699,-0.341360365131729,0.0651240387395877,0.693010163520695,0.288256133948135,0.0228428639003549,0.332387628077244,0.440666907640763,0.816863967181491,0.325997478379743,0.343560408477664
TCGA-06-2557-01A-01R-1849-01,1.69469814576677,0.87511557397578,0.765540700725629,0.672321443146954,2.14140056595592,0.216671942583506,0.135641186885492,-0.316812942391238,0.230828488913666,1.22569994089994,1.67506382905336,2.0239095855363,0.506716027410067,-0.356606943657818,-0.240903328404421,1.5537769601292,0.820236743431061,1.06237343818004
TCGA-06-2558-01A-01R-1849-01,0.173394531481299,-0.200458022355007,-0.448214394311237,0.436232349455367,0.729809396846766,0.282562004714135,-0.428810770391626,-0.181751747246973,-0.285881064959249,0.424596088880947,-0.121147143822508,0.116667941950286,0.570318304034569,1.10677055108428,0.317354813077103,-0.442974943878628,0.35695474771467,0.496841781802379
TCGA-06-2559-01A-01R-1849-01,-0.558472327753398,-0.461623937797185,-0.663926963219755,-0.395869689409843,-0.20153668089792,-0.337879974445049,-0.224678377496315,-0.259877408188852,0.086699435293328,-0.0381370636767167,0.0434256707409484,0.101592175156923,-0.120934316919658,0.349165335913271,0.211981865066701,-0.0419941967920132,0.106734057605952,-0.534934281032325
TCGA-06-2561-01A-02R-1849-01,0.466033515821371,-0.203153039099318,-0.0857785638685272,-0.400545154769561,-0.187993173914912,-0.374021864217237,-0.0389727134127297,-0.36010912607619,-0.173930340568276,0.886875824557446,-0.00579607285930491,0.0181250126173076,0.150335918108637,-0.384394213362125,-0.540900726099276,-0.0359004405182752,0.150784248048428,-0.0971850819392783
TCGA-06-2562-01A-01R-1849-01,-0.171775525726687,0.0385589389313013,-0.635666422989848,-0.569415627160519,-0.424629920247149,0.492846890730509,-0.0789513825054114,-0.380981058245324,0.403144545852402,0.49216899793938,-0.38626971892816,-0.258354101760002,0.0177167061534006,0.739508134034867,0.288103661457895,-0.51592133087122,-0.0350306584509187,0.364885269405684
TCGA-06-2563-01A-01R-1849-01,0.129549059466442,-0.174604376775858,-0.685178057391604,-0.241674508581759,0.271593910683592,-0.781187247275141,-0.740504526662803,-0.700764028906644,-0.555376129714011,0.662301777936272,0.0929946252851615,0.0253784078918677,-0.291038826514102,0.643919717527458,-0.00586414742762287,-0.391147720419523,-0.0931601454346741,-0.0908878101425809
TCGA-06-2564-01A-01R-1849-01,-0.478639480952162,-0.00227590938587487,-0.65662240967178,-0.339970932892972,-0.434060658745586,-0.224216066040849,-0.252742639480098,-0.402266128472706,-0.0418776931633972,0.917073636142863,-0.0400813643289631,0.221846752271497,0.305681502394378,0.790859406407037,-0.241720427298331,-0.239241601654968,0.0768128181975624,-0.400689109241013
TCGA-06-2565-01A-01R-1849-01,-0.263958008371816,0.346214529356219,-0.226281471495146,-0.422443989757642,-0.0477956608413719,-0.767233772363035,-0.872553123549994,-0.560984994860268,-0.501830176539064,-0.11325411635349,1.08820375939812,-0.331929600289088,-0.860465505133503,0.670200403958544,-0.167854448199237,-0.198067266661774,-0.184270574569736,-0.387135989226207
TCGA-06-2566-01A-01R-A96S-41,-0.295632055964985,0.283985881716468,0.0109659174381352,0.0124883869943688,-0.201276238786586,0.015681074739718,0.0726525909177521,-0.0597808293877405,0.209852211155481,0.21274915350326,-0.156648628890169,-0.154523821574747,0.28909613449342,-0.292439266674575,-0.554844513323699,-0.45823659140255,-0.448001383243257,-0.126904323074349
TCGA-06-2567-01A-01R-1849-01,0.743358146130312,0.273876814562201,0.515002744586567,0.820909347676607,0.852920777962734,0.865031817888271,-0.0623101152978258,-0.191999107946175,-0.22092068728873,1.11637875187234,0.0266803364675942,-0.208568176088435,2.28740955219322,-0.0429062945252005,-0.444021282541797,0.182346034928871,0.141242779248802,1.99872304538322
TCGA-06-2569-01A-01R-1849-01,-0.176143252817104,-1.61486448992309,-0.686409497881725,-1.00186702491613,-0.543663460906313,-1.92774781485729,-1.4776520351696,-0.279797321544676,-2.03288071480917,-1.38624376162653,-0.764822268903525,-1.37135436364164,-1.56916533394597,-0.256042185099224,1.80109950029332,-0.491530390465618,-0.234861889959789,-0.966996706929427
TCGA-06-2570-01A-01R-1849-01,-0.508590312200058,-0.342919255104948,-0.561458673469429,0.0665232660471108,-0.124061035907182,0.521144800462858,-0.219976000398772,-0.583741947125721,-0.406354028296364,0.875918071617412,-0.318603289420102,0.501459263154231,1.13244888228464,0.429804491015945,-0.0349732231181941,-0.457768387358384,0.555039932366156,0.0432330496727754
TCGA-06-5408-01A-01R-1849-01,-0.718102713830397,-0.085108275538208,-0.48400529984674,-0.598429376997612,-0.483889335958231,-0.149775742283572,-0.243856812458705,-0.490187231745682,-0.171480171536305,-0.158377275495281,-0.288289483806793,-0.207707724936136,-0.493031879673973,0.245867604907632,0.0460329694498938,-0.882811299191351,-0.571475136894641,-0.681176923817894
TCGA-06-5410-01A-01R-1849-01,0.387178064245133,0.839235415642973,0.759971371030495,0.842402705394924,0.623020159592386,1.98861249449593,2.419809286688,0.935184628117463,1.87214907622537,1.26169229410809,2.46493030040508,0.87962087474472,2.80077273916453,0.862699942215012,0.322809282823098,0.24582210057636,0.506667586260458,1.33092159281637
TCGA-06-5411-01A-01R-1849-01,-0.022465307183393,-0.496718684593149,-0.547732387447045,-0.262833428977413,-0.103371722238606,0.12080756578756,-0.0777830419083395,-0.291506283718305,0.16294904416295,0.0175119043926917,0.634694565086059,0.378365416550439,0.370804872195283,-0.0448440343440716,0.00425810180849822,-0.154178238380641,0.343985080636142,-0.28958277357862
TCGA-06-5412-01A-01R-1849-01,1.39798271479861,0.618822334225079,0.255090448661736,-0.16422815800062,1.0574779447831,0.758727247909753,0.698680075584251,-0.0334141101175412,0.576248760305925,1.04459302308686,0.546427482564357,0.230716950769527,1.05231233355098,1.33614730966992,0.75412692223833,0.102681775150027,0.695719948421942,2.32471512316287
TCGA-06-5413-01A-01R-1849-01,1.31943626544123,0.670376772595675,0.146082835590067,0.48250222941451,3.02090263352464,0.616557150277556,0.925822551826167,0.640472596212733,0.546802420438792,0.417282836295913,0.964044808236155,0.577842628433203,0.924062258384325,0.843547564024923,1.31690030116139,0.0500323184940821,0.278952506894949,1.02972191749425
TCGA-06-5415-01A-01R-1849-01,0.565906172899334,-0.455174998995976,-0.348777921137646,0.156501122078794,-0.446143184154874,-0.99436298200586,-1.18775849548162,-1.01775365321484,-0.529502335136335,0.1772104217265,0.251052598749,0.0982117799077564,-0.764834339191441,0.0026299690336604,0.0876986241327874,-0.335236637174125,0.119144956688218,-0.0641554922194252
TCGA-06-5416-01A-01R-1849-01,-0.235691727955108,-0.916511546827519,-0.585538349594069,-0.22831122683166,-0.513669349895628,-1.21981782456344,-1.34190182381039,-0.969988416559264,-1.04583853117342,-1.01096642720708,0.294689894910409,-0.274036569032953,-1.34337223026557,-0.640611478331826,0.154250928094419,-0.360701891752373,0.0869164125942264,-0.845588870823163
TCGA-06-5417-01A-01R-1849-01,-0.936329217432382,-1.16528579296284,-0.584508623645074,-0.603404997107495,-0.423275304592784,-0.898011158589345,-0.682734769057281,-0.481001126531132,-0.592833992296376,0.121767563661863,0.0574436022822719,-0.418380218056619,-1.02279480818296,-0.238865453847104,-0.335374760877859,-0.712954544678397,0.217173670977839,-1.11361194290436
TCGA-06-5418-01A-01R-1849-01,-0.686186496998236,-0.750917355772446,-0.682884638290475,-0.637570920666061,-0.492910223402759,0.610138865830488,0.210558465742268,-0.0795383300236032,0.758941849590536,0.374911617182534,-0.421917260130206,-0.267196579639169,0.765467652914528,-0.657151525304179,-0.163838313858103,-0.602095093498803,-0.623330724769776,0.0108542725304754
TCGA-06-5856-01A-01R-1849-01,-0.231918151592024,-0.158980002846496,-0.27748633964292,-0.279275257187505,-0.321553791851134,0.0162480549200333,-0.0407132338066151,-0.00355575344692213,0.048466017271563,0.3275924630507,-0.121009308299717,-0.119527876974965,-0.177170686196187,0.80810128204008,0.602405883949344,0.0328117616337435,0.421241229284818,0.248538127853484
TCGA-06-5859-01A-01R-1849-01,0.195017973676211,1.41138583721394,0.497647498592632,0.10619892983625,-0.45140500247699,-0.545251098810105,-0.180491767753572,-0.274851326650549,-0.206097825106706,-0.120794745897984,-0.360784045661281,-0.274773392284082,-0.213114560896395,-1.28687858156117,-1.04788192473516,-0.22890097522588,0.298525353463995,-0.476215845304328
TCGA-06-6388-01A-12R-A96S-41,-0.872800844825227,-0.858529836421577,0.144093673537209,-0.628270229437101,0.0224069818408026,-0.917022761108163,-0.461177498884712,0.0354052833257893,-0.551610693836522,-0.739832206720957,-0.528679486399042,-0.697712904821622,-1.08329788473663,-0.274366063958835,-0.393029124684147,-0.541229441411497,-0.818029209568495,-1.06490572125079
TCGA-06-6389-01A-11R-A96S-41,0.254926507243636,-0.164763934751224,0.932004613590706,1.11610123022783,0.0202907849012155,0.524235899398648,0.189575896014132,0.272247710252315,-0.4945882971787,-0.254782572686298,1.07671004503986,1.10703885373536,-0.661627122422675,-1.7204307796968,-0.256792169876119,0.484833672181173,0.219372425191554,0.419219496358905
TCGA-06-6390-01A-11R-A96S-41,0.0221891067171389,0.671835491542406,0.555145221790328,-0.0290683950800985,0.38878952185313,0.599511315626406,0.695214238153852,1.24485421874855,-0.00880964048975659,-0.121274665941734,-0.478255127195293,-0.684857262968103,2.161562722954,1.12828572115607,-0.0412152874437676,-0.176913512478155,-0.14108071693893,-0.717063830476119
TCGA-06-6391-01A-11R-A96S-41,-0.81186481853528,-0.731328568243236,-0.195862019587305,-0.350288991366817,-0.374283743030582,-0.999546113401168,-0.872810686531767,-0.327930049521843,-0.694736346235383,0.186917290832492,-0.319442932102476,0.673132881356405,-0.878356219467219,-0.181445908700247,-0.239678755287433,-0.734242830056631,-0.443528793147058,-0.928433790408091
TCGA-06-6693-01A-11R-A96S-41,-0.584851938192188,-0.571510484946788,0.0072399772814991,-0.0776967095302699,-0.714311978159226,-0.419111695250388,-0.307144782588432,-0.098649705808456,0.025612980819104,-0.189083951392775,-0.419326752474299,-0.388056362262956,-0.0692534398506696,-0.644597333280838,-0.704825611706482,-0.0308713653956767,-0.0991463741798635,-0.456952860476578
TCGA-06-6694-01A-12R-A96S-41,1.16577976218551,0.432576358581621,0.988945841563126,0.995506182961641,0.0692847040419417,0.243889417843944,0.418851861328896,0.314992781587314,-0.0750348557288467,-0.129400617300497,0.0135875888045094,0.192891614518395,-0.11922052638482,0.402175954233008,1.9922314272151,1.78087247277351,0.99320113202924,0.956791666594044
TCGA-06-6695-01A-11R-A96S-41,-0.457544613854647,-0.224176786086587,-0.0291933862774472,0.188033676430255,0.0582929415524657,0.33365033940385,0.357809464415718,-0.19085016813176,0.117557997937614,0.203046020079018,-0.277275947832797,0.0381560233322876,-0.534120833993482,0.567125497030549,-0.113575612954196,-0.39625850897837,-0.197161686165411,-0.189349031256715
TCGA-06-6697-01A-11R-A96S-41,0.902390882816607,0.205985098851896,0.0175510668593069,-0.0872009492682436,0.204086937459884,0.026009561424589,0.272860555391265,-0.0439644653390949,0.0242959230513649,0.792019515783984,0.578071239813973,0.204023693336012,-0.245953407686643,-0.116647854201948,1.54851333451119,-0.155635589742898,-0.192533826900044,-0.0326322717857328
TCGA-06-6698-01A-13T-1900-53,-0.0977556307196912,2.07396399966296,2.13080199013349,-0.0111688206861397,2.25747241455865,-1.0617975245076,0.509512441998483,0.647587114644381,0.297172521716632,-0.248180641869081,-0.308188467341845,0.0610721355310721,-0.709375871447804,-0.562271510515884,-0.184272207826529,0.642436097923507,0.0790264883146584,-0.500041756333578
TCGA-06-6699-01A-11R-A96S-41,-1.01795834913408,-0.510437651449713,-0.193693622251201,-0.558570350436628,-0.500370182375199,-0.762356509738908,-0.697125226144824,-0.417659207074798,-0.94298420673351,-0.333451593954766,-0.415803757757382,-0.628893039975511,-0.857031988791614,-0.0332190268116278,-0.170313880591341,-0.785962318937727,-0.650240785545863,-1.22665151996956
TCGA-06-6700-01A-12R-A96S-41,0.264354691745036,-0.204278857254361,-0.130356935630176,0.416825789825977,-0.278932432280384,-0.0394335148078784,0.082761658700381,-0.0999890678678718,-0.755499914553389,0.298465153680976,0.442304843868947,0.674731768014205,-0.161570682437754,-0.414818769524379,-0.258147344543497,-0.389466487041576,-0.164853589870688,0.244232031886202
TCGA-06-A5U1-01A-11R-A96S-41,0.00291586177208836,1.08068467762388,0.46786456293433,0.172455618045271,-0.0719860107952616,0.124582027195124,1.08345816570962,0.557333400930184,0.251690231023497,0.273294931876531,-0.151695450054467,-0.479192753850257,-0.128723170352688,-0.613499930561384,-0.38275045849971,0.544266529783412,0.456932704730318,-0.291610448591276
TCGA-06-A6S0-01A-11R-A96S-41,-0.560391489902523,0.117086128462904,0.298202886532008,-0.223952363885018,-0.490893773337409,0.267780754993461,0.592366984864997,0.769677517247893,0.165182754934579,-0.879318450173268,-0.432427168879776,-0.421467492739496,-0.538027666463571,-0.980866247644976,-0.842854053952049,0.0178822015029178,-0.4522530403705,-0.500287528914791
TCGA-06-A6S1-01A-11R-A96S-41,-0.429600684269782,0.444199038009621,0.0180436220416755,0.468518740809354,0.27925026437406,0.282850493526932,0.458347446591159,-0.186187384283284,-0.0229189473357711,0.939280074363828,-0.226344298115591,0.0578615387205598,0.218351786815626,1.15074456802747,-0.619160555967546,0.550967372509561,0.320474496707899,-0.00154469017458796
TCGA-06-A7TK-01A-21R-A96S-41,-0.654517220201145,0.203088255638766,0.34349472194318,0.301946537739408,-0.36752790069889,0.609143463268397,0.995209289660223,1.08084255986382,0.291637385393195,0.0846794244127579,-0.442067495552008,0.0743980983478703,0.0795913163554137,-0.15461283840796,-0.0357109384708894,0.343298306023535,0.263284056415785,-0.730511264404461
TCGA-08-0386-01A-01R-1849-01,-0.903697026642691,-0.870352473258507,-0.237331180521161,-0.495849869012228,-0.0744556133685507,-0.515763836853604,-0.730773214226773,0.0105061183796428,-0.676864271256675,-0.117375205414652,-0.694937846159419,-0.847012619156401,-0.207627579732633,0.284933298406374,-0.374258255627944,-0.6943091442577,-0.826431749300486,-0.750176801055145
TCGA-12-0615-01A-01R-A96S-41,0.293207482016355,-0.151084558658545,0.117099555595141,0.458636782313602,-0.303182511625018,0.0252410270492456,-0.318621241543693,0.480828137129301,-0.331992087029838,0.0664343569379277,-0.668127049778298,-0.603232280758765,0.798614553261792,0.166488734450355,-0.268316275157394,0.208215586861727,-0.309561090558326,-0.211014580845749
TCGA-12-0616-01A-01R-1849-01,0.865944996579844,-0.00874911117705554,-0.213873603932337,0.440736790225317,-0.114449075018737,-0.576818027203729,-0.497832984540541,-0.510244791700781,-0.301627123996223,-0.137035004458172,0.0752547094307434,0.446626144751734,-0.381670710051807,-0.662420830277783,-0.25661845924768,0.353000244765264,0.242109420365924,0.274064434425812
TCGA-12-0618-01A-01R-1849-01,-0.666121571790871,-0.983524879879966,-0.678493468664058,-0.127387572426059,-0.428867726161614,-0.779409037131728,-0.9376483552908,-0.619716915059565,-0.529577772837787,-1.14199361506084,-0.286793189885976,-0.587027961573874,-0.565512829144508,-0.685481428568263,-1.14825542473067,-0.696794835203991,-0.286514596681048,-0.903785168646501
TCGA-12-0619-01A-01R-1849-01,0.353722024669792,0.454747709097001,1.02924470484739,-0.264038214515719,0.268439481037246,0.465618892841103,0.912045786679095,0.815825493821108,0.554903365461839,0.0685918870229967,-0.185445486806637,-0.354216986438213,1.30551907382039,0.0713759125439117,0.158433594308326,0.895486254579938,0.604026548078366,0.440150960033827
TCGA-12-0657-01A-01R-A96S-41,-0.865577543647654,0.629719741589688,0.614555686152003,-0.471173874578525,-0.626802439980216,0.214696434560024,0.267641799963496,1.00265012778691,0.275472004936775,-0.549815643338463,-0.105034287716834,-0.0670632312920111,-0.252007743008937,0.139197301571535,-0.682802043478125,0.0181219069610339,-0.515159737258685,-0.889667464734883
TCGA-12-0662-01A-01R-A96S-41,0.512366929393922,0.253739706140086,-0.00641138613955979,-0.0727608347111455,-0.192194770202449,0.395971986798686,0.998130006990435,0.317747962804249,0.36734428887133,0.682267602506829,-0.293538349144378,-0.311744871516715,0.0377396434751127,-0.024822664584444,0.281158314482841,0.399191582127217,0.155128942703179,-0.0180525303514544
TCGA-12-0670-01B-01R-A96S-41,0.168972750374159,-0.419507187729296,0.291773827681663,-0.185572032543511,-0.687068419908019,-0.541463906616774,-0.600417280030297,-0.239496758378011,-0.557096414605234,-0.209490180786083,-0.318323404921633,0.190456698084658,-0.344946368175062,-1.14542644675425,-0.803966551427078,0.0645972818355514,-0.500216221681496,0.178495891002709
TCGA-12-0691-01A-01R-A96S-41,-0.91127677414374,-0.0424821976087754,0.261264112108896,0.498106078676452,-0.350717133880895,-1.41516343469388,-0.627659305901974,-0.218134273465905,-1.11941680846977,0.0966532370815809,-0.715193907978028,-0.612818913796823,-1.19270204889512,-2.28669494124953,-1.26986840587825,0.319956104037257,0.442465590163371,-1.05716925261269
TCGA-12-0692-01A-01R-A96S-41,-0.680392865039805,0.505338525612205,1.10197089989027,-0.116611718449696,-0.605376180349831,-0.517104356022823,0.0356733292134665,0.355531159544719,-0.654754238590794,-0.651890420480561,-0.251989815762128,-0.663423288982871,-1.01013834320212,-0.174439473059984,1.17819750923747,0.513566066662842,-0.327531320584402,-0.808774219813295
TCGA-12-0772-01A-01R-A96S-41,0.201419452880088,0.752310203481681,0.4977394095862,1.06542653702746,-0.141137050582171,0.482111623669787,0.466745625575585,0.635946816542453,-0.0302480931943979,-0.221348031894126,-0.431248844525452,-0.281888957526574,0.747569715369101,0.333171019237615,0.304504798985602,1.21289549649959,0.74169362621782,0.204412152644241
TCGA-12-0773-01A-01R-A96S-41,-0.185789952744691,-0.712849836310108,-0.182819122952649,-0.762358988900644,-0.634640004873185,-0.452933792891167,-0.0570289593504359,-0.0736539620804388,0.334889661288298,-0.320374927261327,-0.368436375510552,-0.667825359285104,0.022527291081301,-0.411816496948825,0.81904155057982,0.227935346617141,0.378700750562938,-0.0710656147938717
TCGA-12-0775-01A-01R-A96S-41,-0.412800347896621,1.07437151028712,0.92280248521468,0.77198384357238,-0.186609945412046,0.713890768808894,1.4303823203074,1.11948898179186,0.85754196396804,0.521421673720293,0.778267910463383,0.508263389640762,0.116975094969682,0.407842520464338,0.560221551834013,0.98199678499441,0.600492076947267,-0.0553875918340368
TCGA-12-0778-01A-01R-A96S-41,-0.332310246945533,1.0453578555614,0.324156882207795,0.76664721790365,0.223700988762561,0.239284340297749,0.433962192956515,0.281712870123624,0.196826584895002,-0.271178021851162,-0.193879259025615,-0.167134590864497,-0.0386796681475632,1.44262063579346,-0.0520808477084008,0.287825754126092,0.11721381146232,-0.413453167220195
TCGA-12-0818-01A-01R-A96T-41,-0.667675104995879,0.179996379087998,0.160418451335797,-0.094196601340883,-0.609176908774048,-0.867853329005267,-0.372826437023301,0.730023095651617,-0.661128695519833,-1.54621596478695,-0.694088482222031,-0.54414147495887,-0.688913769021475,-0.187326196169909,-0.671200672283077,-0.245986301396748,-0.481745961025887,-1.26031414340733
TCGA-12-0819-01A-01R-A96T-41,-0.446427724955596,-0.285420778487335,-0.416027635307902,-0.394457508258623,-0.195090993440257,-1.0306184742563,-0.645411080037104,0.0682259566697233,-0.140796951715002,-0.637754815148442,-0.65923638890276,-0.382047574972752,-0.841985447215946,0.0583736362845809,-0.767757644212035,-0.315459537823177,-0.48291300414704,-0.562017948545475
TCGA-12-0820-01A-01R-A96T-41,-0.144898917586626,0.611626972140726,0.546950446359391,0.28302484798101,-0.105186533512674,-0.80102263578741,-0.287418739431561,0.527057289177607,-0.415540774021733,-1.56732084733106,-0.307581424254074,-0.503681791836052,-0.906643406271847,1.56722020812146,0.410934520916685,0.800010065808295,0.407768024144948,-0.227148252423413
TCGA-12-0821-01A-01R-1849-01,-0.567616426732588,-0.514899825358966,-0.351921845842247,-0.220684446185766,-0.0368475579811754,-0.454964021411102,-0.71891965076477,-0.438186701960913,-0.598541504154718,-0.509388841640607,-0.403431222539577,-1.13060290930159,-0.954682900631715,0.700997626993613,-0.626263684524531,-0.531997783248664,-0.283069139573514,-0.513890498775653
TCGA-12-0822-01A-01R-A96T-41,1.03843150794876,0.523032513586242,0.321450009058761,-0.0375844590041704,0.209677080377452,0.880761712078882,0.926759557033143,0.284759471418862,0.981701949686001,0.877570203047991,-0.0518278377686406,0.0819547970023187,0.398721686393724,0.367658180260407,-0.0365977906893931,0.315215419961854,0.430063159352349,0.682607648297883
TCGA-12-0826-01A-01R-A96T-41,-0.26679033458639,-0.0501778846702546,-0.0465313082543118,-0.414819444955313,0.933652908085814,-0.687676390586906,-0.230084957157692,1.06553398572951,-0.304416171785062,-0.417426877892707,-0.559482006038658,-0.721043011364747,-0.448501885326941,0.848568228662008,0.0735177362622313,-0.437950912538578,-0.441612692906933,-0.49299717477859
TCGA-12-0827-01A-01R-A96T-41,0.485184062897193,0.559152411010976,0.807915511268979,0.865821523903994,-0.494852548139715,0.617428954461166,1.41957642249344,0.954006232015007,0.493450689264074,0.258911288910585,0.0759501326699166,0.213658060796806,-0.0476624618559538,0.574294623479953,0.302308827314456,0.109035880487405,0.00600701712227201,1.37521627511192
TCGA-12-0828-01A-01R-A96T-41,-0.0688682830937264,-0.125502293417707,0.306063756619848,-0.294756653044006,-0.403200669094168,0.599271488122249,0.683140398760012,0.438547400533744,0.460668116930798,-0.281558917778187,0.320131962938178,0.472199274049565,-0.28794919099062,0.146151562038606,0.130123980053502,-0.059395501999297,-0.236853175854702,-0.0244615157402413
TCGA-12-0829-01A-01R-A96T-41,1.00646411766881,1.00959753340245,0.958430350685655,0.326333851916033,0.558117099514551,0.790728123947746,0.97962260824731,0.651014873740453,0.848204318771181,-0.147029133704769,1.3217932516327,1.51317469592714,0.324391419909519,0.409397687784821,0.388907734324391,1.34546754205175,0.501500772459341,0.873482052525172
TCGA-12-1089-01A-01R-A96T-41,-0.954130884525157,0.183407701021816,0.0416353530473227,-0.344785124519068,-0.6898769245077,-1.25076690655233,-0.370002318876931,-0.12584745183094,-1.01626409625465,0.211476188344621,-0.503971579436489,-0.061571896590781,-0.722505801698873,-1.05418728993067,-0.850889762359303,-0.133147980717296,0.325059827964273,-1.25234523744732
TCGA-12-1092-01B-01R-A96T-41,2.64253696521417,0.894478534105896,1.21738910652155,1.04699109062232,1.79260706147151,1.2588216101166,1.50225562052883,1.3441309719203,0.824929497872179,-0.153667768471683,0.645241277814723,0.610515659661746,1.3657733242677,1.00782608371552,0.858344129190309,1.87882824992313,1.17543670407261,1.46565959272078
TCGA-12-1093-01A-01R-A96T-41,-0.375773300413316,0.243664285959746,0.884291048406386,-0.146264100942522,0.231554148657129,0.718453732560653,1.01972851506714,0.611040585922845,0.599366573053005,0.224710702347472,-0.211181519411566,-0.341038072623454,0.794402338737801,0.325401066476005,0.176642398549736,0.952012442143661,0.103476136303385,-0.269767526290033
TCGA-12-1095-01A-01R-A96T-41,-0.197124044975236,0.500705425200874,0.79992682569004,-0.0720113848391917,-0.678311302066043,0.878024110430565,1.74660582737475,0.786280573868638,1.05279117970858,0.331780949534411,0.0696594035737434,0.15960499794301,0.559451659333222,0.248341761187612,0.692791088467689,0.865667741597561,0.75561160575068,0.283731732079117
TCGA-12-1597-01B-01R-1849-01,-0.831218761633247,-0.876556138040261,-0.73809078584488,-0.393604252664591,-0.199118535152264,-0.619712502912041,-0.65688092560288,-0.651876392801142,-0.160195302844081,-0.251914664788789,-0.797827538072726,-0.430019037226225,-0.195239112355642,-0.661601463638023,-0.428234288567898,-0.631085130194103,0.0927730885663784,-0.40687982191495
TCGA-12-1598-01A-01R-A96T-41,-0.278982621698577,-0.0961938767313694,0.0663896551985771,-0.45954425944908,-0.271032530015971,0.462873198518112,0.551395764610163,0.49545631370715,0.265309138323529,-0.61374318406984,-0.0625164299521853,0.340516511667764,-0.187371478317654,0.0673092676120198,-0.121477160202493,-0.137771400010789,-0.442821344286851,0.0783726516618451
TCGA-12-1599-01A-01R-A96T-41,-0.0815748589042265,-0.117850765754258,0.34864749717412,-0.390515791313133,-0.038631369596886,0.309406790282363,0.792191551395846,0.655897080086177,1.01121245323033,-0.288080259315315,-0.0752474752887405,-0.047010294502773,0.15063210872333,0.314497485126,-0.0142767994653721,0.020932281759694,-0.180997283261138,-0.147423115767298
TCGA-12-1600-01A-01R-A96T-41,-0.551138936793539,-0.0849024898450683,-0.481976466514136,-0.165198906193153,-0.363017091154828,-0.35658888097945,-0.44032927363367,-0.0355237881580505,-0.364010695376905,-0.364733263947896,-0.693602079929699,-0.590973937558631,-0.257382395116345,0.993010142482869,0.159201130385267,-0.29028212917932,-0.388103047775878,-0.349211289195332
TCGA-12-3644-01A-01R-A96T-41,0.973256151368906,-0.795771667220056,-0.370461632356283,0.885871315299402,0.227464327798382,0.530175737129296,0.193927191963238,1.88067272156043,0.463924188723392,-0.714945840096245,-0.356956643878687,0.544641655291928,1.19144664823802,-0.381944901564174,0.246850282855677,0.39214943818889,0.400410167029611,0.774464618921032
TCGA-12-3646-01A-01R-A96T-41,-0.666186618058749,-0.305141444032772,0.393209326138663,0.917039244100538,-0.34729740436436,-0.838802226573024,-0.805833972133082,0.0980722374864617,-0.812919158316602,-1.17496287719281,-0.610544300948416,-0.385145348633118,-1.11596255731635,-0.869608712242606,-0.457483569624877,-0.133146533663561,-0.500668163728055,-0.62072048853893
TCGA-12-3648-01A-01R-A96T-41,-0.362934982648778,-0.00877317413024032,0.495183364244891,0.303920083900868,-0.376236661599769,-0.475927933754113,-0.539036457086456,0.184823236357811,0.0739085965793516,0.0146151219654838,-0.246524318781427,-0.00207244637087196,-0.641589818727836,0.474171219123338,-0.188812962214927,0.18250629903926,-0.722283691724121,0.47859637379848
TCGA-12-3650-01A-01R-1849-01,-0.112773915612854,0.542011693790112,-0.599339773274565,-0.342081667700338,-0.369696926435034,-0.835652677507201,-0.658598465109024,-0.764670295171413,-0.300037722513423,-0.399067103100056,-0.153116967638358,-0.0503578025143887,-0.473422562009355,-0.218054279811532,-0.333715672197116,-0.149428719279401,-0.138767547155165,-0.5157804014529
TCGA-12-3651-01A-01R-A96T-41,-0.393393179126716,-0.613806763167738,-0.463644667638556,-0.0889984531197567,0.0476826622615628,0.414010879440474,0.209924782009465,0.00643249483455748,0.340807860774469,0.177646670960199,-0.327782725401359,0.0266586697952215,0.553925827930459,-0.524424932497699,-0.625047640336338,-0.0506279011668768,-0.096725503695001,-0.453262267413107
TCGA-12-3652-01A-01R-1849-01,-0.376541846288718,-0.859253241884172,-0.771724302915814,-0.68633769421774,-0.209789086012706,-1.22828108809707,-1.13911986110274,-0.746851480611288,-0.256158837647363,-1.18003494660202,-0.190614900434351,-0.463409105726376,-1.4554279012474,-0.441119839989371,-0.533418567663008,-1.03150662110078,-0.771361283424227,-0.853082739043315
TCGA-12-3653-01A-01R-1849-01,-0.596039082840516,-0.229143872520957,-0.480003665509575,-0.302869700664252,-0.625796116921868,-0.991282146728482,-0.640626124330396,-0.640576123926851,-0.144074400651337,0.0963907057089389,-0.123591645046204,-0.104654603341385,-0.504577936349097,-0.178496581497627,-0.40324222783143,-0.19002628892714,0.357168171679385,-0.706600748783124
TCGA-12-5295-01A-01R-1849-01,0.775103222939357,0.564813322398656,-0.537067760374701,0.200557308734666,-0.408599003384447,-0.541256703122386,0.0340176993446209,-0.169962491940992,0.571345509281799,-0.690348880534041,0.415282598008957,-0.045967395853962,-0.0580430498068909,-0.130090942009218,-0.56546369046512,-0.211026577154269,-0.619710111846842,0.115463081975599
TCGA-12-5299-01A-02R-1849-01,-0.871437853453721,-0.252406835491453,-0.640517226051052,-0.615659163203331,-0.687364294219303,0.466703779737285,0.198211700556812,-0.140694591152369,0.666056589216856,0.381315725701401,-0.253550983808045,-0.0725235811555445,-0.21512159517729,-0.434731974146006,0.236892718580661,-0.673215685888702,-0.093413696173806,-0.347869446835247
TCGA-12-5301-01A-01R-A96T-41,-0.433190982617556,-1.25301355287692,-0.899966098752233,-0.729759024622473,-0.710696622445922,0.352253006785982,-0.0192332146853234,-0.0262860379616408,0.807812831737039,-1.09173871029811,0.0589230673873992,0.458411273218931,0.248933863374605,-0.670740395313583,-0.633106671332054,-0.680934976181172,-0.477145396805208,-0.3367740373091
TCGA-14-0781-01B-01R-1849-01,-0.36577515839298,0.195182815245245,-0.0831021707981762,-0.537009168794237,-0.0653618724521483,0.532742384988892,0.182044698108152,0.172655089278601,0.779105169513779,-0.459058599522189,-0.0792688058314652,-0.589434480082975,0.561221597351717,1.33883899534818,0.213776831061629,-0.583112310878137,-0.147968223662022,-0.124579806642566
TCGA-14-0786-01B-01R-A96T-41,-1.0657571568716,-0.56216341390802,-0.651336115121771,-0.784190293307234,-0.512853072737776,0.193266306265329,-0.479221332802203,0.0462960890070696,-0.502581227205294,-0.381822856512011,-0.0651040874802429,-0.206602853861112,0.196812355513686,0.135155986146401,-0.873653367614705,-0.799848480710115,-0.819704684159753,-1.09143692599855
TCGA-14-0787-01A-01R-1849-01,-0.159493348039566,-0.111423413795669,-0.359318472796995,-0.551660816153074,-0.214012896615193,0.101697857296692,-0.180270930727088,-0.581511160625257,0.133039581017898,0.165334643118814,0.477887243143999,0.168338999578177,-0.560072895639408,-0.614457621597656,-0.152830090539289,-0.670640568744136,-0.810071923962638,0.0317763096893676
TCGA-14-0789-01A-01R-1849-01,-5.29342894322366e-05,0.0568559515053202,0.327804307498118,-0.414248323266662,1.0662555405455,0.891422155004557,1.09795587386726,0.132846359420489,0.883614103523591,0.937057426082628,0.395794730537249,-0.0341016888668289,0.00810974021903952,0.205765989004374,-0.0105531882617802,-0.194909437971099,-0.352496744861065,0.541211221955047
TCGA-14-0790-01B-01R-1849-01,-0.405357652381465,-0.644193247736181,-0.772176748015794,0.107635229930181,-0.227895074871475,-1.57650926369773,-1.60511284040896,-0.736188599408384,-0.943163088042243,-1.10892457445899,-0.190864621001128,-0.382312757212852,-1.51716804432734,-0.57105553114424,-0.88019600926349,-1.15212915120836,-1.11775480277877,-0.46027127151291
TCGA-14-0812-01B-01R-A96T-41,0.074695745956831,0.312082590872655,0.0336523968888849,-0.0337967334681095,-0.357162842475482,0.793056371817892,1.16588641648907,0.716035538367497,0.945444332932737,0.644302031993725,0.0637137007065751,0.333542345633215,0.470515846582203,-0.230813441627723,0.0584980574659298,0.0722651001209143,-0.0194267470057699,0.247573805981974
TCGA-14-0813-01A-01R-A96T-41,-0.783127268610844,0.530371852507851,0.33510445341215,-0.303181755836844,-0.108470995292072,-0.224460504215682,0.259518365013429,0.927537315348946,0.10102506244719,-0.673822615658961,-0.491033651388212,-0.253864789520859,-0.834192163999382,-0.927788787289478,0.162692412601464,-0.0719102837223306,-0.53036747775743,-0.858481317524108
TCGA-14-0817-01A-01R-1849-01,0.717564040702088,-0.248374309299168,-0.569809316813362,-0.200749302240188,1.80804155886722,0.670678963787679,-0.201847466027043,-0.220758658425721,0.236538789318054,1.12038771063677,0.552114509059968,0.702119889560332,0.298402575913095,0.0841113471023697,0.35676375481635,0.174376431299398,0.188092440744628,0.919056885590772
TCGA-14-0865-01B-01R-A96T-41,-0.261063382927811,-0.385629627122026,-0.429974557596893,-0.53846925681639,-0.535253108594468,-0.194253648043803,-0.929569016926791,1.58212031659301,-0.846166789314816,-0.831819324121944,-0.484370226621052,0.146413423738693,0.231176630110362,-0.0962684299135034,-0.0669253003911357,-0.213163659039072,-0.153607696175234,-0.513918555777398
TCGA-14-0866-01B-01R-A96T-41,-1.0154527895234,0.0655369006075436,-0.287142251105998,-0.274226867789492,0.304565966547655,0.731541253723174,0.0601754929969882,0.111343080024227,0.211965283876059,0.0835051254393729,0.0695535832152205,0.28226394870628,0.625844205320712,1.35371083727619,0.0895263495327024,-0.0481487008335955,-0.212468776953148,-0.589457889283523
TCGA-14-0867-01A-01R-A96T-41,-0.520757747630712,0.109541406766699,0.0679373792355254,-0.260111090384361,-0.417455637368203,-0.0540183665728666,0.722223265880582,1.01442366400672,0.513618004981611,-0.364778731190135,-0.117983902916935,0.136899794996301,-0.098923052232389,-0.0240957513824918,0.701803122702703,-0.167262821996946,-0.244898050743678,-0.516020792937007
TCGA-14-0871-01A-01R-1849-01,-0.256639667797373,-1.30690495005003,-0.705915659234471,-0.456968719013926,-0.643273291732345,-1.1580239468123,-1.32412105804979,-0.607262838048051,-1.12131174563801,-1.46924536874812,-0.720562308783981,-1.25537342908099,-1.32511982202596,-1.10523931751861,0.572989224267857,-0.815758328555799,-0.356198041343179,-0.56155925406662
TCGA-14-1034-01A-01R-1849-01,-0.0789806045747589,0.405579941185358,-0.247062010392479,-0.092347414488941,0.0528185299524882,0.510584745985516,0.724088214747918,0.514557768842054,0.132937824992782,0.278690062550762,-0.128112031056386,-0.762098642711439,0.125125016008968,0.0402360513269879,-0.377589286548361,-0.702645991828211,-0.431166074233446,-0.0689946568884366
TCGA-14-1037-01A-01R-A96T-41,0.179323890112229,-0.0560170460200894,0.484894181496945,0.201268097979584,0.340079352527772,1.11598305140026,1.52970065605578,1.08926965884401,1.19130506236333,0.282115668158521,0.163741312601156,0.114637929511814,1.04733324416958,0.203870965773014,0.611913707669357,0.218630822571127,0.0466826103633033,0.230917488024453
TCGA-14-1396-01A-01R-A96T-41,-0.412620677919935,0.308418498309736,-0.157849162274672,-0.527428063082683,-0.57287764142414,-0.353345144953857,0.296619093643274,0.578816853136493,0.486318942467092,-0.217675643510859,-0.146674225754128,-0.390223388555767,-0.747622392376067,-0.172162871107861,-0.0876913874864684,0.822997798522832,0.4869678482142,-0.226400667665625
TCGA-14-1401-01A-01R-A96T-41,0.143069272827833,0.491587733924035,0.253725870268438,-0.10814749728678,-0.229789380362627,0.459179942452237,0.648879472497795,0.3601130325721,0.284145090380535,0.376567851752781,-0.0292110088770781,0.591474238521565,0.180603744492396,0.016254286656206,0.190005687101712,0.527481482158343,0.124839407331966,0.144989012012683
TCGA-14-1451-01A-01R-A96T-41,-0.0629410851087284,-0.470969665700814,-0.176981209515944,-0.255090115285699,-0.623223522056807,0.771333884069983,0.661198960582291,0.582197307792867,0.442741966054774,-0.177996294772817,-0.343697025623319,0.0719647906748035,0.627467657290719,0.238871640754382,0.157682386358027,-0.153113220355812,-0.278502111304509,-0.0698336634229913
TCGA-14-1453-01A-01R-A96T-41,1.01435515228518,-0.579375667743135,0.0127106768835025,-0.2992241532915,0.125817079722594,-0.136335482874336,-0.462809855314027,-0.398064111373049,-0.532629119334365,0.0312192782212416,-0.342355280799759,0.181636468150855,-0.401415589565339,0.176767941288531,-0.235027605212768,0.114588008551549,-0.193207558476763,1.57678064939775
TCGA-14-1454-01A-01R-A96T-41,-0.960048339329545,-0.557799088847095,0.271723867900543,0.669849203648272,-0.609111550801507,-0.372493086378594,-0.783299524628675,0.302267028731453,-0.805911303802266,-1.57953685257855,-0.48038111578916,-0.463494834822018,-1.08029477677201,-0.460968943147211,-0.468487410063316,-0.319309407725213,-0.107991709488994,-1.13839609532707
TCGA-14-1455-01A-01R-A96T-41,0.866118193384555,-0.355751169236452,-0.20174907064465,-0.172262497706563,-0.45109796832213,0.900833315311573,0.806585165935048,0.0143241732120302,0.317754547485016,-0.294665194933455,-0.608301725712566,0.347909833211911,0.0223517763384717,0.493136168648491,0.41868703718498,0.517211272719166,0.29201167156531,1.14102848243647
TCGA-14-1795-01A-01R-A96U-41,0.0039528227992691,-0.166267737377434,-0.0987941795967637,0.757471657733372,-0.562710823347454,0.226748393046717,0.307626272615888,0.454539427667915,0.0200349963251937,-0.855519783742068,0.483320070575217,0.0275495893231678,0.394603866084741,-0.0283261830838544,-0.000313613979946974,0.30213792817535,-0.187273507177678,0.125529127251514
TCGA-14-1821-01A-01R-A96U-41,-0.596036077893931,-0.540943233674651,0.382858946052675,0.407473527216583,-0.777163190723989,-1.21486906993701,-1.03190384601801,0.0645293620117375,-1.72994377986328,-0.593833938509302,0.0623105009244763,-0.101232673214221,-1.33225913340501,-0.416407819590171,-0.105060493201078,-0.377013531593351,-0.446230291178468,-0.543318234228662
TCGA-14-1823-01A-01R-1849-01,-0.0236581513939455,-0.325004682369036,-0.390720430962787,0.235531030677897,-0.138860470341041,0.746935984201262,-0.0229371596052321,-0.67412483883888,0.0421960040819636,0.96169841112376,1.02006518719728,0.875229339798448,-0.027346977383095,-1.19956353097687,-0.614703988420265,-0.377588408382777,-0.398297350357955,0.556825686237542
TCGA-14-1825-01A-01R-1850-01,-0.59086005120893,-0.753214430833777,-0.514408434071607,-0.17788779666038,-0.628995222167808,-0.76173492032875,-0.933520113885538,-0.564831896118687,-0.751909687264641,-0.422608459417179,-0.38788075832117,0.164339163891417,-0.668886282310131,0.0248173585334703,-0.14975524523149,-0.449547391940394,-0.161111882741253,-0.689090442092733
TCGA-14-1827-01A-01R-A96U-41,0.0788691977675712,-0.672646011930492,-0.329421999029812,0.0232785254201561,0.62345328747236,0.157685311888582,-0.621901925914696,-0.603069573459159,-0.530040764801102,0.517917141649715,0.449730789334989,1.03605564162732,0.678083019207992,-1.22039476453879,-0.860862948899414,0.0101650582556294,0.00626430231031387,-0.021856607424382
TCGA-14-1829-01A-01R-1850-01,0.797349829688352,-0.221623551236178,-0.335844981939224,0.379297027926093,0.63610814846147,0.43762176818329,0.500616795794318,-0.122862399672789,0.349518362045899,0.297758292414303,0.547791477152137,0.351073372358905,-0.173403925719271,-0.924960510078419,0.540403211609896,-0.313864921876885,-0.331646452396341,0.550541627033912
TCGA-14-2554-01A-01R-1850-01,0.203747455091387,-0.296318918960739,-0.452441296844761,-0.238244025415437,-0.0767650446703623,0.523357261700236,-0.207515600171429,-0.463351892753281,-0.111109235150808,0.348556938450795,0.829359607587629,0.415042524580367,-0.420827451685217,-0.592436923956383,-0.552823780605125,-0.689025681684194,-0.360284216750871,0.472688978506941
TCGA-14-2555-01B-01R-A96U-41,-0.940332788209054,-0.762311518727668,-0.188891503154725,-0.0265307193887723,-0.684300445581486,-0.655704688960848,-0.445269778849893,0.153302937746758,-0.270779060639843,-1.69931100811934,-0.13510677143104,-0.390122938695261,-0.572536261567055,-0.631619181873745,-0.708040426790957,-0.770227382453044,-1.10242827087818,-1.10498790735709
TCGA-15-0742-01A-01R-1850-01,-0.732442736775947,-0.43372340930303,-0.298889633046045,-0.671285403363927,-0.443413020326602,-0.551869897681844,-0.988006436596507,-0.719036851727376,-0.539398979310726,-0.563747480783174,-0.162095704588468,0.0666154619852728,-0.395584105026978,0.065775525297627,-0.343165193684309,-0.72248526537594,-0.252922539293345,-0.667853908559906
TCGA-15-1444-01A-02R-1850-01,-0.785837427485943,-0.193603898680137,-0.367508974854018,-0.200676375485511,-0.526533523958193,-0.210434497073821,-0.842177105084944,-0.668863632348889,-0.450629522860364,0.96564881385817,-0.27991956862066,0.0592065947518475,0.599395194402869,-0.221596338033643,-0.465258612559016,-0.0641368767809147,0.664585238425556,-0.684642026971867
TCGA-16-0846-01A-01R-1850-01,1.26763089763877,-0.272405012014492,0.170539602578565,0.77714559443142,0.497757706617054,-0.0220811893060534,-0.556472317409816,-0.901809725360581,-0.013206806524204,-0.122087952456995,0.00292971491033223,0.508523460351461,-0.627445514447886,-0.726971400907018,-0.87284438455575,1.7953069772508,1.15243129131265,0.909077632185741
TCGA-16-0849-01A-01R-A96U-41,-0.211389551657735,0.264168993383502,0.0328603872363972,0.302895378505751,-0.0875748491880296,-0.247360172362657,-0.289894634242855,0.539683758422868,-0.16966392699447,-0.207528725938108,1.85089407230018,0.411524428884692,-0.609123433400358,0.0435789482767672,-0.710350634607826,0.130336138466562,0.229837189897585,0.527783915173212
TCGA-16-0850-01A-01R-A96U-41,-0.968190868711384,-1.18928621446867,-0.173015372372921,0.0665120204893671,-0.748259151420978,-1.62372282306382,-1.69541957536176,-0.489724035463079,-2.00354372345042,-1.44915529216418,-0.99390227989873,-0.949943776931189,-1.51096742403275,-0.74752434509896,-0.360437166715643,-0.71181183252797,-0.738207737421532,-0.906742735749507
TCGA-16-1045-01B-01R-1850-01,0.236934011902441,0.972183442479122,0.532124787696045,0.483942376221879,0.0910392086968585,1.03977955357545,1.57058091723712,0.607686963341091,0.800929211827801,0.389242434390078,0.48794277384111,0.53917670146117,0.564531516238401,1.11625558919654,0.350619038003184,0.100687695546019,0.507837489176259,0.556149183589955
TCGA-16-1056-01B-01R-A96U-41,0.161699721667532,0.658406579948953,0.68307356059116,1.19650711982158,0.380561280805174,-0.0925383435948148,-0.264606027266862,0.0367046607502825,-0.614823415561597,-0.47502504723409,0.312579357827647,-0.286323464199554,-0.0611334968494579,0.76041564332704,0.394666404449102,0.0719783358199263,-0.51669179055985,0.373128359085011
TCGA-16-1063-01B-01R-A96U-41,-0.199751647013314,-0.0907836752398005,-0.150691441077945,0.31845923117379,-0.443006206192842,0.1024281431607,0.54124109582415,0.264005799084732,0.213654344215183,0.247701213823523,0.340381189122348,-0.00531946753126825,0.00531311306938797,0.587686703948282,0.122740873864314,-0.45249838629716,-0.63117971681307,-0.302029600261839
TCGA-16-1460-01A-01R-A96U-41,-0.836239103951345,0.26556933654499,0.124892060473998,-0.0587459765646626,-0.458959538571673,0.0969682213952319,-0.274681075042675,-0.0893674346711575,-0.271308212609257,0.32966950190886,0.547856060398189,0.502497394108269,-0.354287894077945,-0.0352743389723113,-0.216949408708037,-0.0835657856822373,-0.325749285851326,-0.91836785740154
TCGA-19-0955-01A-02R-A96U-41,-0.528784514012697,0.0163866524132051,-0.278303019086643,-0.885910526809787,0.167189747256343,0.170316742052406,0.578421504262358,0.329798103545612,0.868004186117461,0.644073570935788,-0.72211815423697,-0.707331158126946,0.0558364370597939,1.0717536624829,-0.646586436370695,-0.390083408200301,-0.329180098984831,-0.496841341333325
TCGA-19-1385-01A-02R-A96U-41,0.334446576729919,0.954335488924917,0.888796417084559,0.230738807162919,0.209653988000107,0.789653432272458,1.51360563232302,1.50405701420706,1.01980691322923,-0.0713754357759384,0.366191371741156,-0.105027246481275,1.11233592578406,0.826586903362989,1.51152253006436,0.768352099615322,0.662044001612758,0.0165783280365732
TCGA-19-1386-01A-01R-A96U-41,-0.840810076258505,0.216955165190253,0.300132427998026,-0.372151248589311,-0.580024783794345,-0.823943438014012,-1.15423443665682,-0.656644549817506,-0.861238478602714,-0.138887510349091,-0.084972037494798,0.0443486645433735,-0.294028759923839,-0.165371044244806,-0.675986205338564,0.214037010631223,-0.224817660750683,-0.917853612043795
TCGA-19-1388-01A-01R-A96U-41,-0.226015450212881,1.24439995803911,1.87923707447974,0.974087165372864,-0.117062544159557,-0.688594518945561,-0.139535385518163,0.346308092540391,-0.250998619714825,0.0866876569982412,-0.014879263307718,0.512882384240243,-0.195769722235592,-0.165507946491152,-0.0511817300623107,2.6904476364686,0.90179162344685,-0.0429965360244457
TCGA-19-1389-01A-01R-A96U-41,0.172867964126214,0.565174214902642,0.183684790596027,0.413520732464494,0.0721705935689545,0.931714721003723,1.50340089805537,0.534864340414114,0.692931723874856,0.862117654732204,-0.118874291410335,0.298721514461886,0.395523921066436,0.210157794182088,0.617220342466827,0.43469101132672,0.226082867521559,0.254451623695108
TCGA-19-1390-01A-01R-1850-01,-1.11943674635391,-0.43033825931173,-0.314497085541567,-0.197451801252056,-0.864526466867282,-0.842596823787338,-0.793587907317776,0.0140011042564833,-0.7899630620043,-0.611049869769687,-0.938739420664741,-0.26891650788995,-0.399044062710545,-0.525228951603337,0.0128757631522716,-0.467924520016998,-0.396137009034372,-1.0896189107535
TCGA-19-1787-01B-01R-1850-01,0.258172183266295,0.745232443371382,0.0593050551960878,-0.0994405798665901,0.219541727037184,-0.114450153771012,-0.481572446538506,-0.504351348434879,0.0964461691731299,0.73492890224955,-0.536513503038063,-0.548225298217276,-0.44265794946845,0.0104839176769012,-0.629796801598268,0.722975234521765,0.430303335205798,0.372464192855276
TCGA-19-1791-01A-01R-A96U-41,-1.09235396118004,-0.155347295554399,-0.146935096130579,0.112825119623051,0.107918843660261,-0.849629648073145,-0.998611505015637,-0.667579422092936,-1.82834056724728,-0.116413495221,-0.944300011376935,-1.13452309752363,-1.0299039529082,-1.81532343608072,-1.58567624716628,-0.72373682269979,-0.592935946513516,-1.33341753641598
TCGA-19-2619-01A-01R-1850-01,-0.699548579996633,-0.591697861684314,-0.4530004230131,-0.404980718149679,0.399608980004178,-0.67124025369503,-1.11105536903124,-0.45929839659288,-0.504928739427608,-0.550852298626619,-0.823233595852488,-1.04687035179168,-0.282527968750599,0.700218330500327,0.157525882825265,-1.05777947353018,-0.380191990173134,-0.571180329005117
TCGA-19-2620-01A-01R-1850-01,-0.740590127855262,-0.857158588923935,-0.389154683803707,-0.443653976641188,-0.689074062631735,-0.629131653327672,-0.709403147877915,-0.503965267167834,0.0448306527204185,-0.209695314256853,-0.449813723756971,-0.123917474480264,-0.428817067684466,-0.292956291061657,-0.425784824870361,-0.693476696249122,-0.679143253050324,-1.09902398169752
TCGA-19-2624-01A-01R-1850-01,-0.635312108707337,-0.594467856733508,-0.4905534177053,-0.430368861340475,-0.439481074986226,-1.5149900678194,-1.33567169206108,-0.889162398773522,-0.942608880445558,-0.773441105182794,-0.457516033872943,-0.096169519095417,-1.23920703780355,-0.0499285942358685,-0.416961949388079,-0.238009232224855,-0.0987909845696925,-0.79927578428022
TCGA-19-2625-01A-01R-1850-01,-0.826611532616961,-0.88948133205793,-0.283454692143623,-0.627604314056451,-0.0504341754226378,-0.0112161352146575,-0.22879851613186,-0.305111480868426,-0.140395585788605,-0.940822253954237,-0.438265396869006,-0.627074318556462,-0.998303464752528,-1.5343391915355,-0.961225966087862,-0.721639318060982,-0.788740971335302,-0.671956569765357
TCGA-19-2629-01A-01R-1850-01,0.0166568373667521,-0.258412210407613,-0.112786964370243,0.88975348545324,-0.452161678760597,-0.292266773326392,-0.801339119522009,-1.12388708639721,-0.845322393038611,0.447640469511824,-0.436718589795764,-0.0475889384394572,-0.416380817445435,-0.358548300539783,-0.801706482705539,0.107284224102295,0.286623619517096,0.334738389418541
TCGA-19-2631-01A-01R-A96U-41,-0.827747022788942,-0.136849961437462,-0.108791220982089,-0.568279265226862,-0.118625453171808,-0.227136630470911,-0.462949687318464,-0.397719140051216,0.0958315374052245,0.0522353108450434,-0.276173266748484,-0.0896943787665763,-0.45058327270934,-0.219229675735257,-0.514765010193676,-0.120437411051942,-0.265485806326108,-0.715101585127668
TCGA-19-4068-01A-01R-A96U-41,0.7509541005339,-0.158526115860236,-0.325956382827163,-0.246020570724687,-0.125921736165062,-0.368880026122214,-0.256026751832275,-0.508659675625053,-0.299230722142038,0.671891081513986,0.0403103570203532,0.404146869633562,-0.676072557328222,-0.231165285830976,-0.524106694183454,0.16065272574146,-0.0305259917582409,-0.0201274414928688
TCGA-19-5947-01A-11R-A96U-41,0.305652599472286,1.01619482094761,0.407723336023491,0.0177626517882246,-0.440347143084162,1.41076325987559,1.76485724954014,0.729391196023582,0.95484326671992,0.42210513071073,-0.319723833124239,-0.503808461203376,1.13429463279577,0.23501452794608,2.13009799986097,-0.145864579512209,-0.169979625834782,1.31915203270116
TCGA-19-5952-01A-11R-A96U-41,-0.310519924074091,-0.0388255013951891,0.428079364882968,-0.660259394576135,-0.549456584580194,0.708016595099464,1.15969580265438,0.357463798072442,0.678453220485462,-0.239476058818191,-0.135400537656431,-0.436362679093331,0.87554398518433,0.463069704868307,0.976437914619447,0.383658584269278,0.0146708262767205,-0.671346870647638
TCGA-19-5955-01A-11R-A96U-41,0.657663748028979,0.818514111860786,0.499279317973673,0.969092862949767,0.225765152934632,1.21971253220594,1.97805635014845,0.955122024007206,1.47203530242052,0.685793511269113,-0.199470250523481,0.00751935731288846,0.634840402710287,0.204473239801007,0.262344733151583,0.453376033517522,0.445575211544754,0.51825872867611
TCGA-19-5956-01A-11R-A96U-41,-0.900439013061157,-0.770834199620122,-0.381635373068295,0.0642655677224598,-0.63474283729212,-1.21176143722755,-0.9972697500355,-0.466720171422556,-0.896276654042799,-0.594539595562105,-0.780068365328126,-0.546664083898492,-1.26394500171294,-0.785047526399234,-0.367022136151513,-0.753212915878787,-0.578289479402935,-0.943661713068897
TCGA-19-5958-01A-11R-A96U-41,-0.481323521847142,-0.550222805502662,0.172202120263464,-0.296278461567322,-0.388901887237617,-0.209413083247255,-0.280762368738929,0.791136896359022,-0.261132551885569,-0.244037842478595,-0.535357616755742,-0.513007310549246,-0.00306337427126743,-0.286875652771096,0.397585862356337,-0.607540616523711,-0.57498759685833,-0.754307901424665
TCGA-19-5959-01A-11R-A96U-41,-0.956343430580814,-0.619140837982359,-0.0098463933970783,-0.249475688383695,-0.713916471517989,0.37989392855987,0.31853634670599,0.365985490143268,0.17349732268457,-0.416852455479064,-0.577100904407081,-0.570561024611955,-0.406628375974323,-0.464101976708241,0.604151723851363,-0.516087545705453,-0.769222621191365,-1.0364095755887
TCGA-19-5960-01A-11R-1850-01,-0.660909428968073,-0.934907757399982,0.157463817560262,-0.195978588830448,-0.712135781429628,-1.65794125258017,-1.37439932722064,-1.08579832928705,-1.21091622110683,-0.0209349613690765,-0.695481383976348,-0.867609687278879,-1.44188364033075,-1.87204401455038,-1.26852138483543,-0.346130839971725,-0.477429461605109,-0.852238414995721
TCGA-19-A60I-01A-12R-A96U-41,-0.634490568318339,0.104664911807407,0.726903306929553,-0.407573106929006,0.664718299226746,0.324950922943427,0.347374463939645,0.814227705961022,-0.0773261820446171,-0.0114660005219003,-0.744215403914943,-0.683070325441894,-0.377314971733976,0.188696429937026,-0.122349660971259,0.213054439242719,-0.507200541796664,-0.546427631848023
TCGA-26-1442-01A-01R-1850-01,-0.993669286378129,-0.7916808668269,-0.449643975500734,-0.114181705520972,-0.764950380956076,-1.29012647789034,-1.5775372951283,-1.12121824426923,-0.863568971190292,0.407180860454069,0.278020811114916,0.569773198509373,-0.958448129237113,-0.587303482572657,-0.796395120490458,-0.624467904891019,-0.272416212277737,-0.772063748671174
TCGA-26-5132-01A-01R-1850-01,0.207684812147894,0.00255726391230455,0.338542532475806,-0.0992823098145434,-0.252879268142321,-0.559131134801085,-0.507603327208522,-0.377812585274631,-0.0908379425415475,-0.758476872991792,-0.65067832030834,-1.01082914489129,-0.895435001550981,0.308786266632183,-0.0566046966587993,-0.0442850320383595,0.141873623901869,0.0644094611661915
TCGA-26-5134-01A-01R-1850-01,-0.267783218702128,0.334635408400657,-0.323582354366013,0.161190443728132,-0.563803927646226,-0.191603369680269,-0.426802104487458,-0.757771452493615,-0.166445090190672,-0.749732256637901,-0.528800524794507,0.154189092838652,-1.10130332309415,-0.80496395893631,-0.0829638195270358,-0.0684052840917559,-0.0421021806045835,-0.0761365089146485
TCGA-26-5135-01A-01R-1850-01,-0.256062230946535,-0.03418047117893,-0.415076165268219,-0.20014705945082,0.32974954289059,0.0767100469602716,-0.348303018033451,-0.756802456931503,-0.298066996938182,0.0338231495292518,-0.0589866952962452,0.444579879173025,-0.434490042063622,1.84830301592432,0.942859357888402,0.0017821600121047,-0.0851067439620156,0.181441309769026
TCGA-26-5136-01B-01R-1850-01,0.764743191102188,0.0835703263164864,0.895795474099065,0.205604293422492,0.696674272198015,0.210234469019055,-0.138381714411597,-0.628783557618561,-0.00494965156608498,0.463170556041767,-0.0863094774774438,-0.123287435983478,-0.274382125147519,-0.0248296608067935,-0.160065822142939,1.39227534812169,0.628553408171463,1.13748301345403
TCGA-26-5139-01A-01R-1850-01,-0.156095640399101,-0.40125897214381,-0.338239637189103,-0.508382818445077,-0.248845540469966,0.0581629748816846,-0.545751694621059,-0.545244347429472,-0.222120310938492,0.392688980769633,0.0848815656944931,-0.0506709705616942,-0.443981944406298,0.0617508227214285,-0.00637512180657851,-0.657860391183611,-0.240881398940238,-0.216520637614615
TCGA-27-1830-01A-01R-1850-01,0.885478221818706,-0.0610950136604515,-0.241882011487073,-0.141002827768875,0.206759711109189,0.467360922268292,0.0645894930027153,0.275352072925215,-0.198478354725054,-0.1147827976697,-0.367094851236167,0.0239999083478228,0.501812410660937,0.299435403722809,0.411380584109486,0.343129578974218,0.487028399871771,0.595961898178994
TCGA-27-1831-01A-01R-1850-01,1.12502834945923,-0.329831098796522,-0.596447523044191,0.167800385923782,-0.231507086505282,0.451024184102668,-0.127656017623893,-0.342694385505192,0.303541758609023,0.449042598417535,0.876493751410437,0.741760683344822,-0.69739410846364,-0.965466926094063,0.2236424443329,-0.384642292857522,0.0587335144286296,0.803160967507059
TCGA-27-1832-01A-01R-1850-01,1.3121014269289,1.02936650443753,0.529503563377676,0.19859970261334,0.28365632223586,0.681727374331033,0.251319527118244,0.121640072110152,0.0788449566408644,-0.197586511476146,0.462252614228935,-0.473814288751153,0.15654155065538,-0.829036807817935,-0.463354921792059,0.282658412491916,0.143818417406185,1.23519681353986
TCGA-27-1834-01A-01R-1850-01,0.581412820460837,0.647559839901078,1.19465998503701,0.242010045509128,0.840673793535945,-0.464535235212236,-0.82599608765211,-0.746140206297585,-0.722866489041755,1.01279608853657,0.367482317578894,1.02747815665558,-0.298034798687718,-0.667793556706239,-0.340876659654598,1.84738289101355,0.929474202028273,0.612603173523068
TCGA-27-1835-01A-01R-1850-01,-0.297141557762109,-0.0472056893453771,-0.584923526656448,-0.27143230100278,0.983407499906766,-1.77795910843833,-1.64535620487487,-0.61263298115767,-0.860332190117435,-1.22934695137474,-0.66476320632912,-0.979846474739684,-1.59200748195867,0.887761545372811,-0.81743513460999,-1.30105898763363,-1.23405256971701,-0.0547922504937827
TCGA-27-1837-01A-01R-1850-01,-0.568594655832039,-0.172094301821773,-0.749192556473832,-0.443827882407907,-0.408286631640294,-0.470733405405984,-1.04240319636647,-1.06963043846359,-0.633175238853066,0.988635306189034,0.0497724223290371,0.908328122175266,-0.496471884073001,0.00480750687754937,-0.244597176891519,-0.298318730249974,-0.0191034237532483,0.147260859359279
TCGA-27-2519-01A-01R-1850-01,0.675158328038344,0.393656050073264,0.480694870138619,0.644497671037775,-0.0660261585986203,0.618413060660493,0.789344601649424,0.00874810555510924,0.25613495160026,-0.24205806653865,-0.267450295533835,-0.284797588841791,-0.277089653208921,-0.271799006222702,-0.749880349678419,-0.121576092436652,0.169177038271305,0.698182722797482
TCGA-27-2521-01A-01R-1850-01,-0.882109779602986,-0.994050125623949,-0.62734884593683,-0.413680594387496,-0.801468911966189,-1.00293298217256,-1.25746534430112,-0.765467716161593,-0.805991410659098,-0.315704990377702,-0.155630231793719,-0.191045135371385,-0.948880195067493,-0.400106276429679,-0.189657679549088,-0.885600211261457,-0.294803350064335,-1.07238203501014
TCGA-27-2523-01A-01R-1850-01,-0.179069541396887,-0.330650997550095,-0.771181124521636,-0.610760930479554,-0.465207261530851,-0.386968297047632,-0.985420690834427,-1.03033616851857,-0.428071950466875,0.147360481527643,-0.501608749789473,0.0530635337503431,-1.21424872612425,-0.0626064830106522,-0.254579259789077,-0.691729475980637,-0.0965318322769878,-0.545465912751096
TCGA-27-2524-01A-01R-1850-01,0.21154511821554,-0.0216289374559734,-0.894849210267812,-0.648342361385559,-0.57342374774341,0.510298648637285,0.0337378973354527,-0.60320105483419,0.725024385844992,0.0258716550930782,-0.12132560122204,-0.161675728457751,-0.598233332906925,0.0128826041539742,0.0363252720803845,-0.437512474738067,-0.481155025623008,0.217219522794959
TCGA-27-2526-01A-01R-1850-01,2.2798999897895,-0.339646052674374,-0.141265289782532,-0.100265755459013,0.694254706613959,-0.887419751903276,-0.900750544093908,-0.904647685187004,0.129763575889697,-0.159578792583259,-0.176077850480073,-0.237716447751126,-1.15076583033653,-0.956844935581111,-1.14830085229752,0.148551996405988,0.151494092101562,1.62493248449102
TCGA-27-2528-01A-01R-1850-01,-0.872662222884908,-0.351271225824675,-0.653183170343021,-0.640401432038692,-0.51788446766347,-1.20447031242389,-0.826136192089509,-0.579614472819148,-0.291421526291398,-0.368987142410248,-0.34719500421215,-0.468661766475109,-1.26225619339213,0.831597657054684,0.819645070782044,-1.26263836370741,-0.693450564420856,-1.19720174813309
TCGA-28-1747-01C-01R-1850-01,-0.00289747151733984,0.169777163014302,-0.49237411351838,-0.138759179968862,-0.168080740946893,-0.632749764370206,-0.674690097255661,-1.19058184413682,-0.43410411468792,0.844334311381887,-0.316547715984628,0.215235879207841,-0.201830683266578,-0.953032421836934,-1.30819466168026,0.359037909763399,0.733657445382213,0.00484683939359694
TCGA-28-1753-01A-01R-1850-01,0.730867112179579,0.648302553677394,0.186858025902712,0.541332047833591,-0.373875338229632,0.138039532119112,0.524920645101604,0.00809117393462096,0.549561669293872,-0.13652889169037,1.46175795417528,0.762481652846013,-0.307497899819649,1.43298754111189,1.49293726299749,0.445385747753507,0.560603428627201,0.635914290779745
TCGA-28-2499-01A-01R-1850-01,-0.547627186439326,-0.577705028602767,-0.611309381049598,-0.772038897628168,-0.0419465560386348,-0.979016632120745,-0.428859877805134,-0.805859567264843,-0.471647900224856,0.0833886031210593,-0.299094148435925,-0.406455918048037,-0.760316312042473,0.0733484188549834,-0.375327117953728,-0.480384761804732,-0.0245979809179216,-0.797890556370899
TCGA-28-2509-01A-01R-1850-01,-0.231023287284475,-0.118918412624267,-0.429918687331142,-0.671971344568359,-0.778555004903446,-0.228589520075736,-0.107678480324601,-0.303231625842825,0.0784116538366385,-0.0356418276811232,-0.686051214011301,-1.02935879399209,-0.575205166554958,-1.12037634114437,-0.607263744545375,-0.316149413870241,-0.425241852867037,0.0748984822118916
TCGA-28-2513-01A-01R-1850-01,0.877219669045094,0.326968933538428,0.60254717543267,-0.435824976870726,0.116442505052559,0.998627462502304,0.687567393633986,0.106847293359035,0.871402882256023,0.305525095361187,1.07510667220149,0.350974021150005,0.404411621785027,0.645883507846258,0.354477737333839,0.204266043040827,0.331951940441045,1.09949716605235
TCGA-28-2514-01A-02R-1850-01,0.399839158323959,-0.223137782493977,-0.650875635554429,-0.0141776239405261,-0.00331956252649196,-0.646364947285065,-0.975239938234044,-0.712609015634176,-0.582183935691836,0.175210041619387,0.101625792003393,0.181444983042957,-0.187328189212695,1.03458053664678,-0.324521892397593,-0.775383913111511,-0.390155391620095,-0.0862753420869388
TCGA-28-5204-01A-01R-1850-01,-0.135548549898864,-0.0419470808253077,-0.405056246970928,-0.320773024408123,-0.160522325867886,-0.763343478834507,-0.785196267767617,-0.796911713652242,-0.254767963497803,0.535187981009268,-0.285204351547226,-0.142031427153051,-0.515099775623492,0.498673794612199,0.0770940444488774,-0.182253755351556,0.29252585340932,-0.283502950847316
TCGA-28-5207-01A-01R-1850-01,0.226897592244035,0.629599397187625,0.0864071272872586,0.19335980161515,0.951981671626216,-0.967090565767661,-0.570594055900104,-0.520919479320681,-0.632423994373372,0.668252803661074,0.0628732637268801,-0.00813727853474809,-0.591555458767489,0.653014390989586,-0.0695977424691253,-0.109814362480818,0.104682508320105,0.2699365718447
TCGA-28-5208-01A-01R-1850-01,-0.145603425727878,-0.124631329296536,-0.300907915694923,-0.469729721041163,-0.0202299892367097,0.291425414998833,-0.0448452269611371,-0.485961447485928,0.407545557484945,0.938497176323585,1.34846114846469,0.68144674344163,-0.36721730267057,0.567729784699658,0.272821190566976,-0.46029622222631,-0.0485152770599099,0.104340921505727
TCGA-28-5209-01A-01R-1850-01,-0.893899458655546,-0.723167043151194,-0.615762356594919,-0.735924062108689,-0.473567530438179,-0.585224378483584,-1.05953507497634,-0.980693769813037,-0.635372231827856,-0.202279535405845,-0.424227524238083,-0.66396191846864,-1.02347454892691,0.880121284812677,0.0902162869272351,-1.04455138951813,-0.510417262965026,-0.592411029501296
TCGA-28-5213-01A-01R-1850-01,1.11640152684641,0.534528455079507,0.538354125542386,-0.0450055889452736,1.28787485447499,1.45497184576913,1.58142397519581,0.533776379583467,0.889582594009236,0.48276166059288,0.840223745799173,0.397824487394705,2.32952436864129,-0.00732328725392207,0.954076106989287,0.291519543530464,0.163488407593845,0.751513024590279
TCGA-28-5215-01A-01R-1850-01,0.582962221160758,-0.14040333901792,-0.0518220545529485,-0.00398966434543352,0.204342015671816,0.229962151173027,0.254505503274505,0.158763631142592,0.190654300794465,0.00247692351092581,-0.388843725019096,0.124547111676606,-0.292781635835027,0.344743158760865,1.25940240994001,0.0861477885192973,0.568684868660051,0.521005355019526
TCGA-28-5216-01A-01R-1850-01,-0.588205915911771,-0.34047679268429,-0.586882534831314,-0.0550834690733637,-0.499326064841782,0.144139696167381,-0.254014638893816,-0.510832368155949,0.211732946042635,-0.353284477837401,-0.0128421671636286,-0.00531648344384337,-0.597634799675124,-0.101218013083846,1.00653511007171,-0.520339672955606,-0.403737634550162,-0.712650967438907
TCGA-28-5218-01A-01R-1850-01,3.93731904540283,0.801461555787336,3.43168456795163,1.27122499569435,2.4820271321736,1.03621632992404,0.980384139426911,0.392424935168871,0.030956517156013,-0.90089923035128,0.624007817020557,-0.102154740139306,-0.18565044204745,0.982182717459863,2.90724893612965,0.732513140366417,0.754994550871878,2.03983673909143
TCGA-28-5220-01A-01R-1850-01,-0.09343914832179,-0.302008000731783,-0.369044524890511,-0.559151314194801,0.0770936238062661,-0.858405540900504,-0.809448864531557,-1.12910504395122,-0.789910038008698,0.862120794676068,0.0987835124360571,0.216148070745736,-0.471972018590792,-1.49733581033424,-0.813105335345853,-0.350566206960157,-0.500342345010808,0.0997700054499608
TCGA-32-1970-01A-01R-1850-01,-0.444712191358057,-0.339439600201327,-0.231454824177399,-0.377842649747486,-0.245317438668897,-0.955970916896139,-1.02510523629067,-0.330280204408181,-0.933804302635157,0.0849755263976481,-0.0318324301060831,0.494794859013157,-0.359063265584433,-0.338679329259732,-0.365534191022082,-0.462000205252379,-0.165745019468303,-0.635573624179789
TCGA-32-1980-01A-01R-1850-01,0.783893154869754,0.343993764550372,-0.428998264804925,0.919192602103032,0.201679028815109,0.560826375917571,0.225402225459221,-0.308797788848325,0.334746598256799,0.824612388731827,0.455790825857978,0.793364673179502,0.391845983387475,0.622509322478909,0.00398855128028752,-0.0125020144121926,0.373771614313415,1.3590193742315
TCGA-32-1982-01A-01R-1850-01,1.77608752769958,0.971118723330659,-0.0138303266647199,1.35851646324772,1.40029563297619,0.261466681998823,-0.182983847988121,-0.220191260702479,-0.0138717212278767,0.848309866399894,-0.0110855160346308,0.0767115526344223,1.43770118696209,2.03847485832017,0.128363357969865,0.151595364497917,0.625454997638812,1.41977024619873
TCGA-32-2615-01A-01R-1850-01,0.400015515285975,0.692027400424216,0.325730175009055,0.217475800205099,0.0259340238012582,0.175724285463599,0.183842554128407,-0.205631917020515,-0.0274684592800899,0.289758207281335,0.517387384515375,0.354421912036669,0.614653776454052,-0.392765521906096,0.420200977685611,0.166708030660678,-0.108941845372187,0.504406434711451
TCGA-32-2616-01A-01R-1850-01,-0.215393020720424,-0.306062939553773,-0.229776760620064,-0.384613747912744,-0.511598743114147,-0.804586188876259,-0.451770216837695,-0.709540144923247,0.292819032450611,0.116969864765258,-0.631682085302579,-0.494362868588936,-0.00464655001601707,-0.410884304884618,-0.706128829874942,0.0622193010767964,0.470974796641853,-0.349876861987678
TCGA-32-2632-01A-01R-1850-01,1.28114997497136,0.0453332966325593,1.03826248808743,-0.00109543665025709,1.47120855180834,0.0819508645838266,0.169143879097547,-0.0764780263483549,0.21166608907087,1.08419835847087,0.288836129986478,0.36660938443783,0.063840276565156,0.0884338296063221,-0.728099574790138,0.913499580169369,0.789927371702036,0.622571585337809
TCGA-32-2634-01A-01R-1850-01,-0.373776127059678,0.00764745911004132,-0.630842802716798,0.290813707747925,-0.269531295570617,-0.694781047138613,-0.86398133776868,-0.465534572537649,-0.430148957309436,-0.300803221080973,-0.0509260363219884,-0.575272078298787,-0.962301380097477,0.364406913988529,-0.490914534260171,-0.37931600316018,0.498458452254617,-0.971512427587477
TCGA-32-2638-01A-01R-1850-01,-0.203793947699669,0.440588867176418,-0.251751228588689,-0.120558518811645,-0.328449980205632,0.228715406935365,0.00878689922913281,-0.229785908486837,0.255980812801873,0.118107174281534,-0.153563902406865,-0.342086466632447,-0.0882365274386991,1.07749963193896,0.288246194739339,-0.127756897781891,0.106185150901587,-0.0189206593869274
TCGA-32-5222-01A-01R-1850-01,-0.266734800231445,-0.468417759715643,-0.9103894413799,-0.174828668208023,0.175817645372394,0.31723051423335,-0.0109649843868126,-0.0936701664033298,0.234064704954805,0.621623633716656,0.0518604501172245,0.0274756995153489,0.89583625612978,0.273964764634149,0.325509911045753,-0.340088320626901,-0.0766159839676822,0.176280161746109
TCGA-41-2571-01A-01R-1850-01,-0.639896287941501,-1.07166260672064,-0.549768736034114,-0.135302348723428,-0.456666159962284,-0.616447533815773,-0.768962148578463,-0.422343735270617,-0.317111212439497,-0.909428114605108,-0.696166577681571,-0.0652376062786074,-0.676340206089959,-1.09457986577685,-0.392235151885212,-0.397003383017698,-0.0300584391173641,-0.350131497524532
TCGA-41-2572-01A-01R-1850-01,0.0576441067092229,-0.317755205424356,-0.551813188639747,-0.0708336463201873,0.256763295351642,-0.484110691312008,-0.53083089247137,-0.506959336837333,0.300695738758181,-0.143874664424003,-0.11548513645911,-0.160892590229819,-0.597272074407621,0.621090080307546,-0.0936246893787242,-0.313781656785278,-0.0478379981588194,-0.0213488513832239
TCGA-41-3915-01A-01R-1850-01,1.05756556473834,0.196646208440491,0.219374817502547,0.132912940939822,0.250531257867823,0.926794908014318,0.85577111869673,0.839134879191111,0.767805739224881,0.107351774958691,0.306316092151734,0.403039561050801,1.9208346785726,0.457888659975664,1.12183003700265,0.162748435392982,0.41370226078074,0.248401779061114
TCGA-41-4097-01A-01R-1850-01,0.568448102846298,0.678574285751613,0.201144464167649,0.177358304105959,-0.0972224224193357,-0.119510321587269,0.573207717082492,0.320623481842956,0.645761154085245,0.677679999692255,0.917565531153275,0.511944349176686,0.687428090131874,0.254587919351728,0.780381849432776,0.0609663052379783,0.124553874784419,0.554399107849583
TCGA-41-5651-01A-01R-1850-01,-0.184241872663148,-0.603087615510339,-0.735346196176434,0.564968472272475,-0.349008066820532,-0.768184967236224,-1.25956882106385,-0.846992921669651,-0.914394592386305,-0.960984662536254,-0.657797906550803,-0.492619079848475,-0.712946912840596,0.0825375683617494,-0.689605297814078,-0.924788762623465,0.142180648542802,-0.07741982813711
TCGA-76-4925-01A-01R-1850-01,-0.659206309837945,-0.997488913041042,-0.582561801132814,-0.571833119335139,-0.940424055626726,-0.380365492413693,-0.819294564734126,-0.749370638808965,-0.145139240763433,-0.36566696109881,-0.633092946906097,-0.733439863875236,-0.715493561256879,-0.338670448818769,-0.291907016684626,-0.981058922445109,-0.932598875383622,-0.908756861857706
TCGA-76-4926-01B-01R-1850-01,-0.792485575407334,-0.638787034706582,-0.354686175713731,-0.444515748573972,0.300181671135348,-0.560394455781292,-0.680812383095244,-0.0147674240685034,-0.519035071856815,-0.0786235747072234,-0.240497051013954,-0.485637336695535,-0.837329284912803,-1.17905492548958,-1.04914554766874,-0.889309845197937,-0.514584321822695,-0.841811431558023
TCGA-76-4927-01A-01R-1850-01,-0.292888698605817,0.0260225755801949,-0.207721121769354,-0.317364176752398,0.0137647299040953,0.403653157403483,-0.0654876488653642,-0.572080939847283,0.231377616577035,0.765832067026708,-0.0623588274808607,0.206512339803197,-0.136379458590937,0.960091185238092,0.629108051668249,-0.346871341556192,-0.100424041497043,-0.280487795222035
TCGA-76-4928-01B-01R-1850-01,1.35111764702198,0.0948761546974579,-0.318092714935525,-0.504508605326184,-0.535795623874423,0.0812754442279018,0.271089775972816,0.0518009865978446,0.826314981536483,0.38971547000261,0.528115710008071,-0.179144168673647,-0.226590326816109,1.18413124074662,0.266196748953808,-0.58713547034766,-0.382853742902804,1.84943749692543
TCGA-76-4929-01A-01R-1850-01,-0.826139861843084,-0.533772930985558,-0.131136644185631,-0.559505519118851,-0.736687689826489,-0.386556460893139,0.127696379488187,-0.404113512734777,0.216809956316602,-0.287548376843674,-0.941263768475174,-0.628951481906267,-0.662635888210179,-0.619237576431779,-0.852880180709468,-0.456876564447828,0.411724702755912,-0.914708139119404
TCGA-76-4931-01A-01R-1850-01,-0.62137667516097,-0.627168752464893,-0.576799928413534,-0.424111956643922,-0.519269648640425,-0.570810426751342,-0.920533663041046,-0.916972976480399,-0.270609098482777,-0.0680373936472208,-0.573546699221192,-0.29841374735192,-0.855369269760121,-0.478149110221174,-0.564581634694363,-0.780033536333024,-0.242964063458974,-0.583401551719606
TCGA-76-4932-01A-01R-1850-01,-0.765907615874455,-0.549458169564753,-0.774662101464539,-0.79322302767508,-0.580771018598075,-0.727322473499117,-1.03998387763734,-0.821311109716813,0.0379906739355498,0.198663195691487,0.551367627187297,0.200025283868451,-0.789764933277852,-0.217550355884108,-0.204978986646696,-0.954227718530002,-0.787604701444629,-0.752579058984822
